channel name,youTuber,Category,Category_2,Subscribers count,Country,Views avg.,Likes avg,Comments avg.
juptube,Galinha Pintadinha,Music & Dance,,30.5M,-,0,N/A',N/A'
"Baby Big Mouth Kids - Sing, Dance, Explore","Baby Big Mouth Kids - Sing, Dance, Explore",Animation,Toys,10.6M,-,348.5,3,N/A'
shfa show India,shfa show India,Daily vlogs,,18.9M,-,1.2M,8.7K,N/A'
Blippi - Educational Videos for Kids,Blippi - Educational Videos for Kids,Education,Toys,15.7M,-,1.2M,4.2K,N/A'
infobellstamil,infobells - Tamil,Education,,26.5M,-,1.3M,5.8K,N/A'
Diana and Roma ARA,Diana and Roma ARA,,,21.2M,-,1.3M,9.6K,N/A'
PeppaLatinoAmericano,Peppa Pig Español Latino - Canal Oficial,Toys,,21M,-,1.3M,9.6K,N/A'
Fun For Kids TV - Hindi Rhymes,Fun For Kids TV - Hindi Rhymes,,,13.7M,-,1.3M,6.8K,N/A'
SuperSimpleSongs,Super Simple Songs - Kids Songs,Music & Dance,,34.5M,-,1.4M,4.1K,N/A'
Diana and Roma ESP,Diana and Roma ESP,Animation,,25.6M,-,1.4M,6.6K,N/A'
D Billions,D Billions,,,19.2M,-,1.7M,1.7K,N/A'
GoldminesAction,GoldminesAction,,,11.3M,-,10.1K,141,N/A'
Like Nastya,Like Nastya,Animation,,96.5M,-,10.8M,59.4K,N/A'
checkgate,Cocomelon - Nursery Rhymes,Education,,136.6M,-,10.9M,68.8K,N/A'
Трум Трум,Трум Трум,Humor,Toys,13.7M,-,103.2K,1.8K,83
dangmattsmith,Dang Matt Smith,Animation,Humor,13.7M,-,103.5K,4.4K,332
toyoraljanahtv,قناة طيور الجنة | toyoraljanahtv,Music & Dance,,27.8M,-,106.8K,N/A',N/A'
TeremokTV,Теремок ТВ,Video games,,9.8M,-,107.6K,545,N/A'
DuDuPopTOY,DuDuPopTOY,Animation,Humor,10.5M,-,11.1K,109,N/A'
✿ Kids Diana Show,✿ Kids Diana Show,Animation,Toys,96.6M,-,11.4M,40.9K,N/A'
Goldmines Housefull,Goldmines Housefull,,,10.3M,-,11.9K,N/A',N/A'
OReinho,O Reino Infantil,Music & Dance,,12.5M,-,111.5K,521,N/A'
SesameStreet,Sesame Street,,,23M,-,111.8K,407,N/A'
turmadamonicaTV,Turma da Mônica,,,18M,-,116.5K,850,N/A'
Zappy Toons - Hindi Nursery Rhymes and Stories,Zappy Toons - Hindi Nursery Rhymes and Stories,Education,,15.6M,-,117.5K,618,N/A'
Super Senya,Super Senya,Animation,Toys,14.7M,-,12.4K,100,N/A'
Dani Russo Tv,Dani Russo Tv,Music & Dance,,11.7M,-,12.7K,1.6K,277
GoldClassics,Goldmines Premiere,,,12.3M,-,12.9K,199,N/A'
fozimozi,Fozi Mozi,,,9.4M,-,121.7K,2.4K,N/A'
portalfitdance,FitDance,Music & Dance,,15.3M,-,13.9K,626,17
Wolfoo's stories,Wolfoo's stories,Animation,,10.6M,-,132K,638,N/A'
MashaBearUkraine,Маша та Ведмідь,Education,,11.2M,-,134.8K,860,N/A'
Heidi & Zidane बच्चों की कहानियाँ,Heidi & Zidane बच्चों की कहानियाँ,Daily vlogs,,17.3M,-,140.4K,896,N/A'
LittleBabyBum,Little Baby Bum - Nursery Rhymes & Kids Songs,Education,,39M,-,144.3K,353,N/A'
Wow Kidz Action,Wow Kidz Action,,,13.7M,-,148.7K,1.4K,N/A'
Codiscos,Codiscos,Music & Dance,,11.9M,-,15.1K,242,10
kidstvindia,Kids TV India Hindi Nursery Rhymes,Education,,11.3M,-,157.2K,1.1K,N/A'
Emily Tube,Emily Tube,Animation,Toys,11M,-,16.1K,55,N/A'
Super Polina,Super Polina,,,14.5M,-,16.9K,214,N/A'
Smile Family Spanish,Smile Family Spanish,Animation,,14.8M,-,163.4K,1.6K,N/A'
Like Nastya IDN,Like Nastya IDN,Music & Dance,,14.7M,-,165.4K,N/A',N/A'
BabyBus - Canciones Infantiles & Cuentos,BabyBus - Canciones Infantiles & Cuentos,Toys,,21M,-,165.5K,640,N/A'
toycantando,toycantando,Music & Dance,,25.6M,-,168.3K,778,N/A'
infobells,infobells,Education,,13.4M,-,17.6K,102,N/A'
Heidi y Zidane en español,Heidi y Zidane en español,Toys,,10M,-,170.8K,916,N/A'
karameeshchannel,karameeshchannel,Music & Dance,,12.2M,-,178.5K,1.4K,N/A'
Zig & Sharko,Zig & Sharko,,,13.3M,-,179.3K,1.5K,N/A'
CaELiKe,Caeli YT,,,15.7M,-,19.2K,1.2K,125
Masha and The Bear,Masha and The Bear,Animation,Toys,34.1M,-,1M,6.6K,N/A'
PinkPanther,Official Pink Panther,Movies,Animation,18.1M,-,1M,6.9K,N/A'
Toys and Colors,Toys and Colors,Movies,Toys,36.2M,-,2.2M,5.4K,N/A'
Ya - Alisa,Ya - Alisa,,,11.3M,-,2.4K,16,N/A'
welovekamikaze,welovekamikaze,,,9.7M,-,2.5K,67,6
Come Play With Me,Come Play With Me,Toys,,11.9M,-,2.5M,N/A',N/A'
Infobells Bangla,Infobells Bangla,Education,,11.9M,-,200.3K,814,N/A'
OYUNCAKOYNUYORUM,OYUNCAKOYNUYORUM,,,10.9M,-,200.9K,829,N/A'
MC Divertida,MC Divertida,Music & Dance,,10.9M,-,201.2K,1.9K,N/A'
Vlad and Niki ARA,Vlad and Niki ARA,,,12.9M,-,205.2K,2K,N/A'
INCRÍVEL,INCRÍVEL,Animation,,18M,-,21.2K,1.1K,28
DisneyChannelLA,Disney Latinoamérica,,,20.2M,-,21.9K,193,N/A'
Goldmines Dishoom,Goldmines Dishoom,,,23.5M,-,22.5K,225,N/A'
Peppa Pig Hindi,Peppa Pig Hindi,Education,,10.1M,-,220.2K,2K,N/A'
BIBI,BIBI,,,9.7M,-,23.9K,3K,97
SmartBooksMedia,Pinkfong Baby Shark - Kids' Songs & Stories,Animation,Toys,58M,-,231.1K,1K,N/A'
OGGY,OGGY,,,10.9M,-,237K,2.7K,N/A'
Dave and Ava - Nursery Rhymes and Baby Songs,Dave and Ava - Nursery Rhymes and Baby Songs,Education,,14.8M,-,240.6K,1.2K,N/A'
Like Nastya Vlog,Like Nastya Vlog,Daily vlogs,,17.6M,-,244.6K,887,N/A'
Netflix Latinoamérica,Netflix Latinoamérica,,,9.7M,-,25.4K,1.8K,86
Diana and Roma HIN,Diana and Roma HIN,,,23M,-,251.4K,1.7K,N/A'
FrontaL Gaming,FrontaL Gaming,Movies,Animation,11.7M,-,253.7K,19K,1.3K
Vlad and Niki IDN,Vlad and Niki IDN,Music & Dance,,17M,-,254.4K,1.7K,N/A'
BritainsGotTalent09,Britain's Got Talent,Music & Dance,Movies,18.4M,-,255.7K,2.6K,211
infobellskannada,infobells - Kannada,Education,,11M,-,256.2K,1.1K,N/A'
Toymong tv 토이몽TV,Toymong tv 토이몽TV,,,10.1M,-,26.9K,244,N/A'
ToysPlay,ToysPlay,Animation,Toys,11.1M,-,262.7K,1.6K,N/A'
Like Nastya AE,Like Nastya AE,,,21.7M,-,263.5K,2.2K,N/A'
Like Nastya ESP,Like Nastya ESP,,,33.1M,-,268.8K,1.2K,N/A'
HZHtube Kids Fun,HZHtube Kids Fun,Toys,,12.1M,-,270.5K,1.6K,N/A'
Vania Mania Kids,Vania Mania Kids,Toys,,17.3M,-,274.8K,2.2K,N/A'
Nickelodeon,Nickelodeon,Movies,,10M,-,28.1K,410,N/A'
LooLooKids,LooLoo Kids - Nursery Rhymes and Children's Songs,Music & Dance,,49.3M,-,299.3K,1.5K,N/A'
eltreceok,El Trece,News & Politics,,11.5M,-,3.2K,34,9
The World Adventures हिन्दी,The World Adventures हिन्दी,Daily vlogs,,13.5M,-,30.2K,1.4K,37
mrplotvideos,Mundo Bita,Music & Dance,Movies,10.3M,-,309.6K,7.1K,N/A'
Kinder Spielzeug Kanal,Kinder Spielzeug Kanal,Animation,Toys,18.8M,-,316.4K,1.4K,N/A'
pocoyotv,POCOYÓ en ESPAÑOL - Canal Oficial,,,11.1M,-,316.8K,1.3K,N/A'
Eva Bravo Play,Eva Bravo Play,,,18.6M,-,317.6K,2K,N/A'
cancionesdelagranja,La Granja de Zenón,Music & Dance,,30.9M,-,318.5K,2.2K,N/A'
Troom Troom,Troom Troom,Animation,Toys,23.2M,-,321.4K,3.4K,91
greengoldtv,Green Gold TV - Official Channel,,,18.4M,-,325.7K,3.2K,N/A'
BabyBus - Cerita & Lagu Anak-anak,BabyBus - Cerita & Lagu Anak-anak,Toys,,17.8M,-,327.3K,1.8K,N/A'
Cleo y Cuquin - Canciones infantiles,Cleo y Cuquin - Canciones infantiles,Music & Dance,,9.5M,-,329.4K,1.3K,N/A'
Cleo y Cuquin - Canciones infantiles,Cleo y Cuquin - Canciones infantiles,Music & Dance,,9.5M,-,329.4K,1.3K,N/A'
DisneyChannelUK,DisneyChannelUK,Movies,Humor,12.3M,-,34.6K,283,N/A'
LittleBabyBumEspanol,Little Baby Bum en Español,Autos & Vehicles,Education,12.3M,-,34.9K,N/A',N/A'
ChuChu TV Nursery Rhymes & Kids Songs,ChuChu TV Nursery Rhymes & Kids Songs,Education,,56.8M,-,343.2K,3.4K,N/A'
elcanaldePlimPlim,Plim Plim - Kids Songs & Episodes - Spanish,Music & Dance,,14.1M,-,358.6K,3.9K,N/A'
infobellstelugu,infobells - Telugu,Education,,26M,-,359.7K,1.4K,N/A'
Oyuncak Avı,Oyuncak Avı,,,15.3M,-,36.3K,N/A',N/A'
oyabakatousan,"Sen, Momo, Ai & Shii's Channel",Daily vlogs,,11.1M,-,36.6K,133,1
GallinaPintadita,Gallina Pintadita,Animation,,13.3M,-,366.5K,1.9K,N/A'
Bounce Patrol - Kids Songs,Bounce Patrol - Kids Songs,Music & Dance,,26.2M,-,371.9K,1.4K,N/A'
Wolfoo Channel,Wolfoo Channel,Movies,Toys,12.3M,-,375K,1.9K,N/A'
Kids smile TV,Kids smile TV,Movies,Toys,10.5M,-,376.8K,977,N/A'
Aadishakti Films,Aadishakti Films,Music & Dance,,13.3M,-,38.7K,1.1K,147
PicaPicaVEVO,Pica - Pica Oficial,Music & Dance,,9.7M,-,391.3K,706,N/A'
Like Nastya PRT,Like Nastya PRT,,,20.5M,-,397.7K,2.2K,N/A'
قناة وناسة -  Wanasah TV,قناة وناسة -  Wanasah TV,Music & Dance,,10.1M,-,4.8M,34.8K,N/A'
व्लाद और निकिता,व्लाद और निकिता,,,25.1M,-,400.8K,3.4K,N/A'
Morphle TV,Morphle TV,Animation,Toys,11.1M,-,401.5K,N/A',N/A'
Like Nastya VNM,Like Nastya VNM,,,14M,-,405.3K,N/A',N/A'
Nat and Essie,Nat and Essie,Toys,,11.7M,-,41.7K,335,N/A'
Pinkfong en español - Canciones Infantiles,Pinkfong en español - Canciones Infantiles,Animation,,10.3M,-,41.7K,195,N/A'
Wolfoo Family,Wolfoo Family,Animation,,11.9M,-,413.1K,1.4K,N/A'
ChuChuTV Hindi,ChuChuTV Hindi,Education,,10.3M,-,42.4K,258,N/A'
Genevieve's Playhouse - Learning Videos for Kids,Genevieve's Playhouse - Learning Videos for Kids,Toys,,25.4M,-,420.6K,1.8K,N/A'
Planeta das Gêmeas,Planeta das Gêmeas,Toys,,14.7M,-,422.8K,20.3K,30
Morgz,Morgz,Video games,Humor,11.7M,-,424.6K,11.4K,1.5K
Blippi Español,Blippi Español,Toys,Education,13.6M,-,441.5K,1.9K,N/A'
Jason Vlogs,Jason Vlogs,Animation,Toys,15.5M,-,449K,2K,N/A'
barbie,Barbie,,,10.9M,-,45.6K,1K,N/A'
Super JoJo - Nursery Rhymes & Kids Songs,Super JoJo - Nursery Rhymes & Kids Songs,Animation,,24.4M,-,459.3K,2.8K,N/A'
ChuChuTV Español,ChuChuTV Español,Humor,,9.9M,-,46.7K,330,N/A'
SockeyeMedia,Mother Goose Club Playhouse,Music & Dance,,17.7M,-,46.9K,89,N/A'
Dolly and Friends,Dolly and Friends,Animation,Toys,9.4M,-,47.2K,312,N/A'
Kids TV - Nursery Rhymes And Baby Songs,Kids TV - Nursery Rhymes And Baby Songs,Animation,,20.2M,-,48.3K,93,N/A'
CKN,CKN,Video games,Toys,18.2M,-,48.3K,362,N/A'
pinkfongko,핑크퐁 (인기 동요・동화),Music & Dance,,10.7M,-,48.4K,420,N/A'
Maria Clara & JP,Maria Clara & JP,,,32.6M,-,4M,35.4K,N/A'
storybots,Netflix Jr.,Animation,Humor,11.2M,-,50.4K,119,N/A'
Vlad and Niki PRT,Vlad and Niki PRT,,,10.4M,-,501.6K,N/A',N/A'
Masha e o Urso,Masha e o Urso,,,17M,-,501.8K,3.3K,N/A'
shfa2 - شفا,shfa2 - شفا,Daily vlogs,,35.2M,-,512K,5K,N/A'
Totoy kids - Español,Totoy kids - Español,Toys,,13.6M,-,513.8K,2.6K,N/A'
lucygerardi43,Luli Pampín,Music & Dance,Animation,11.1M,-,529.2K,3.2K,N/A'
DreamworksAnimation,Peacock Kids,Movies,Animation,9.4M,-,53.5K,156,N/A'
WB Kids,WB Kids,Movies,Animation,21.8M,-,54.3K,521,N/A'
TheElenaYa,Diana and Roma EN,Animation,Toys,17.7M,-,549K,2.6K,N/A'
Masha y el Oso,Masha y el Oso,Animation,,23.8M,-,567.3K,3.6K,N/A'
Biperysusamigos,Biper y sus Amigos,Music & Dance,,11.3M,-,59.4K,N/A',N/A'
Vlad and Niki ESP,Vlad and Niki ESP,Toys,,12.2M,-,590.3K,3.1K,N/A'
OficialPeppa,Peppa Pig em Português Brasil - Canal Oficial,Movies,Animation,12.3M,-,592.5K,5.4K,N/A'
Gaby and Alex,Gaby and Alex,Toys,,17M,-,61.7K,181,N/A'
chotoonz,Chotoonz TV - Funny Cartoons for Kids,,,11M,-,62.1K,N/A',N/A'
Diana and Roma IND,Diana and Roma IND,,,10.8M,-,620.6K,3.1K,N/A'
El Reino a Jugar,El Reino a Jugar,Toys,Education,15.6M,-,627.9K,2.3K,N/A'
getmovies,Get Movies,,,40.2M,-,63.4K,418,N/A'
Kids Play,Kids Play,,,15.7M,-,64.3K,414,N/A'
BHOJPURIWAVE,Wave Music,Music & Dance,,52.7M,-,64.4K,1.4K,116
Wow Kidz,Wow Kidz,Animation,Humor,27.3M,-,66.6K,587,N/A'
Like Nastya Stories,Like Nastya Stories,,,12.5M,-,67K,571,N/A'
Jugnu Kids - Nursery Rhymes and Best Baby Songs,Jugnu Kids - Nursery Rhymes and Best Baby Songs,Animation,,9.6M,-,67K,551,N/A'
Jugnu Kids - Nursery Rhymes and Best Baby Songs,Jugnu Kids - Nursery Rhymes and Best Baby Songs,Animation,,9.6M,-,67K,551,N/A'
disneyjunior,Disney Junior,Music & Dance,,12.3M,-,69.6K,235,N/A'
ماشا و الدب,ماشا و الدب,Animation,,11.9M,-,699.2K,7.5K,N/A'
lokdhuntv,Wave Music Bhakti,Music & Dance,,11.5M,-,7.5K,127,11
Apple,Apple,,,15.9M,-,713.7K,28.5K,N/A'
O Canal do Joãozinho - Little Angel Português,O Canal do Joãozinho - Little Angel Português,Animation,,13.7M,-,735.7K,5.2K,N/A'
Little Angel Bahasa Indonesia - Lagu Anak,Little Angel Bahasa Indonesia - Lagu Anak,Music & Dance,Toys,9.4M,-,745.7K,5.7K,N/A'
Diana and Roma PRT,Diana and Roma PRT,,,9.4M,-,753.3K,3.8K,N/A'
Vlad and Niki Arabic,Vlad and Niki Arabic,,,19.2M,-,753K,5.2K,N/A'
Little Angel: Nursery Rhymes & Kids Songs,Little Angel: Nursery Rhymes & Kids Songs,Toys,,27.2M,-,764.1K,4.4K,N/A'
Ryan's World,Ryan's World,Animation,Toys,32.7M,-,767.4K,3.5K,N/A'
서은이야기[SeoeunStory],서은이야기[SeoeunStory],,,9.4M,-,77.3K,443,N/A'
videogyan,Videogyan Nursery Rhymes - Kids Songs & Cartoons,Animation,,10.9M,-,77.5K,395,N/A'
Like Nastya Show,Like Nastya Show,Animation,Toys,41.4M,-,79.3K,657,N/A'
★ Kids Roma Show,★ Kids Roma Show,Animation,Toys,18.8M,-,827.3K,4.4K,N/A'
KatyPerryMusic,Katy Perry,Music & Dance,,43M,-,83.7K,6.2K,442
Kids Channel India - Hindi Rhymes and Baby Songs,Kids Channel India - Hindi Rhymes and Baby Songs,Education,,16.7M,-,86.6K,620,N/A'
nickelodeonjuniorfr,Nick Jr.,Toys,,24.6M,-,87.3K,302,N/A'
Smile Family,Smile Family,Animation,,22M,-,87.5K,583,N/A'
toyorbabytv,toyorbabytv,Music & Dance,,19.4M,-,87.9K,N/A',N/A'
ReinoMariaElenaWalsh,El Reino Infantil,Music & Dance,,50.1M,-,89.1K,600,N/A'
Vlad and Niki,Vlad and Niki,Toys,,83M,-,9.1M,45K,N/A'
Влад и Никита,Влад и Никита,Toys,,10.7M,-,907.5K,3.6K,N/A'
Adriana Show,Adriana Show,Animation,Toys,9.4M,-,91.8K,N/A',N/A'
cartoonnetworkuk,Cartoon Network UK,,,9.3M,-,92K,733,N/A'
BabyBus - Kids Songs and Cartoons,BabyBus - Kids Songs and Cartoons,Animation,Toys,28.9M,-,936.3K,4.4K,N/A'
Vlad và Nikita,Vlad và Nikita,Music & Dance,,24M,-,949.8K,5.1K,N/A'
infobellshindirhymes,Infobells - Hindi,Education,,44.3M,-,952.2K,4.8K,N/A'
theofficialpeppa,Peppa Pig - Official Channel,Toys,,27.7M,-,960.7K,4.5K,N/A'
MashaMedvedTV,Маша и Медведь,Education,,38M,-,984.1K,6.6K,N/A'
Little Angel Español - Canciones Infantiles,Little Angel Español - Canciones Infantiles,Animation,,17.3M,-,994.1K,6.3K,N/A'
TiempodeSol,Duo Tiempo De Sol,Music & Dance,,11.3M,-,99K,357,N/A'
ArabGamesNetwork,شبكة العاب العرب | Arab Games Network,,,16.6M,Algeria,325.1K,22.1K,1.2K
AlArabiya,AlArabiya العربية,News & Politics,,11.1M,Algeria,2.6K,43,10
Oum Walid,Oum Walid,Education,,10.8M,Algeria,543.4K,27.1K,1.5K
Rawan and Rayan,Rawan and Rayan,,,10.3M,Algeria,1.2M,75.8K,22.8K
RobleisIUTU,RobleisIUTU,Animation,Video games,17.1M,Argentina,1M,71.9K,1.8K
Bizarrap,Bizarrap,Music & Dance,Movies,14.3M,Argentina,23M,1.3M,68.8K
#Refugio Mental,#Refugio Mental,Movies,,14.1M,Argentina,450.5K,4.7K,66
Alejo Igoa,Alejo Igoa,DIY & Life Hacks,,13.9M,Argentina,5M,201K,16.1K
telemundotv,Telemundo,,,13.3M,Argentina,33.4K,374,15
elrubius,Rubius Z,Movies,Animation,11.5M,Argentina,1.7M,142.8K,1.8K
SOMOY TV,SOMOY TV,Daily vlogs,,15.7M,Bangladesh,7.9K,161,11
Sony AATH,Sony AATH,,,15.5M,Bangladesh,108.3K,1.6K,57
Jamuna TV,Jamuna TV,News & Politics,,11.3M,Bangladesh,28.5K,824,55
CanalKondZilla,Canal KondZilla,Music & Dance,,65.7M,Brazil,37.1K,2.2K,111
felipeneto,Felipe Neto,,,44.1M,Brazil,1.1M,126.2K,1.6K
vcsabiavideos,Você Sabia?,,,43M,Brazil,1.4M,133.7K,2.1K
luccasneto,LUCCAS NETO - LUCCAS TOON,Movies,Animation,37.5M,Brazil,467.9K,12K,N/A'
gr6explode,GR6 EXPLODE,Music & Dance,,37.4M,Brazil,64.5K,4K,110
rezendeevil,rezendeevil,Video games,,29.7M,Brazil,337.5K,40.8K,748
xSkyHeLLxx,Renato Garcia,Movies,Animation,25.2M,Brazil,812.3K,87.2K,1.2K
davidguettavevo,David Guetta,Music & Dance,,24.2M,Brazil,137.6K,6.8K,249
mildicasdemulher,Erlania e Valentina Pontes,,,22.6M,Brazil,174K,3.5K,39
CanalCanalha,Canal Canalha,Sports,,20.7M,Brazil,870.8K,136.2K,1.4K
AuthenticGames,AuthenticGames,Video games,,20.2M,Brazil,30.2K,3.1K,163
TheEnaldinhO,Enaldinho,,,19.8M,Brazil,353.7K,22.4K,373
Totoy kids - Português,Totoy kids - Português,Toys,,19.4M,Brazil,580.5K,5K,N/A'
Gusttavo Lima Oficial,Gusttavo Lima Oficial,Music & Dance,,19M,Brazil,79.5K,6.6K,200
RobinHoodGamer1,Robin Hood Gamer,Animation,Video games,18.8M,Brazil,1.1M,71.2K,798
fatosdesconhecidos,Fatos Desconhecidos,Science & Technology,,18.8M,Brazil,72.4K,9.7K,764
DanielSaboya,Dan-Sa / Daniel Saboya,Music & Dance,Animation,18M,Brazil,28.4K,1.2K,18
portadosfundos,Porta dos Fundos,Movies,Animation,17.3M,Brazil,843.7K,70.9K,979
Rafa & Luiz,Rafa & Luiz,Video games,,16.4M,Brazil,379.6K,22.8K,645
iberethenorio,Manual do Mundo,Science & Technology,,16.3M,Brazil,437.1K,42.5K,611
DUDU e CAROL,DUDU e CAROL,,,16.1M,Brazil,1.2M,93.2K,958
boyceavenue,Boyce Avenue,Music & Dance,,15.9M,Brazil,329.3K,11.6K,398
OGatoGalactico,Gato Galactico | GALÁXIA,Toys,,15.3M,Brazil,119.5K,6.8K,125
T3DDYgames,T3ddy,Daily vlogs,,14.9M,Brazil,845.2K,88.7K,1.9K
IDEIAS INCRÍVEIS,IDEIAS INCRÍVEIS,,,14.7M,Brazil,12.2K,249,5
hejproducao,Henrique e Juliano,Music & Dance,,14.7M,Brazil,50.5K,1.9K,19
LEGENDA FUNK,LEGENDA FUNK,Music & Dance,Animation,14.7M,Brazil,7.1K,367,11
zncoficial,Zé Neto e Cristiano,Music & Dance,,14.6M,Brazil,32.7K,2.3K,51
jemproducoes,Jorge & Mateus Oficial,Music & Dance,,14.5M,Brazil,0,N/A',N/A'
mkmusicnews,MK MUSIC,Music & Dance,,14.5M,Brazil,26.2K,1.2K,80
camilaloures,Camila Loures,Movies,Humor,14.1M,Brazil,346.2K,28K,587
inventonahoratv,Invento na Hora,,,14.1M,Brazil,1.1M,139K,1.8K
AM3NlC,AM3NlC,Food & Drinks,,13.9M,Brazil,193.3K,22.2K,240
MAIKI021,MAIKI021,Autos & Vehicles,,13.7M,Brazil,30K,4.7K,130
TazerCraft,TazerCraft,Animation,Video games,13.6M,Brazil,598.5K,35.3K,522
NOBRU,NOBRU,Video games,Toys,13.5M,Brazil,321K,38.6K,354
boplayhard,PlayHard,,,13.5M,Brazil,204.4K,18.7K,106
djzoi0,Everson Zoio,Movies,Animation,12.9M,Brazil,153.4K,25K,2.4K
RedeTVhdBrasil,RedeTV,News & Politics,,12.9M,Brazil,3.6K,118,5
O Que Não Dizer Oficial,O Que Não Dizer Oficial,,,12.9M,Brazil,298.2K,38.8K,373
#Refúgio Mental,#Refúgio Mental,,,12.7M,Brazil,197.7K,6.1K,45
einerdtv,Ei Nerd,Movies,Animation,12.7M,Brazil,291.4K,44.5K,1.3K
canalparafernalha,Parafernalha,,,12.5M,Brazil,18.6K,1.5K,10
jazzghost1,Jazzghost,Animation,Video games,12.5M,Brazil,968.9K,59.5K,1.9K
Juliana Baltar,Juliana Baltar,Toys,,12.5M,Brazil,192.4K,12.8K,550
Piuzinho,Piuzinho,Animation,Humor,12.5M,Brazil,298.1K,53.3K,691
Crescendo com Luluca,Crescendo com Luluca,Toys,,12.3M,Brazil,1.4M,66.1K,6.3K
Troom Troom PT,Troom Troom PT,Toys,,12.3M,Brazil,100.1K,2.3K,26
LOUD,LOUD,,,12.3M,Brazil,135K,13.7K,45
Bela Bagunça,Bela Bagunça,Toys,,12.3M,Brazil,59.7K,2.5K,110
EU FICO LOKO,EU FICO LOKO,,,11.9M,Brazil,11.8K,1.1K,15
FelipeViktor,LipaoGamer,Animation,Video games,11.4M,Brazil,91.9K,6.8K,118
Akon,Akon,Music & Dance,,11.4M,Brazil,117.5K,8.6K,516
Simone e Simaria,Simone e Simaria,Music & Dance,Movies,11.3M,Brazil,30.1K,1.8K,36
coisadenerd,Coisa de Nerd,Design/art,,11.1M,Brazil,499.7K,62.3K,1.6K
Virgínia Fonseca,Virgínia Fonseca,Daily vlogs,,11.1M,Brazil,839.6K,85.7K,1.5K
Bispo Bruno Leonardo,Bispo Bruno Leonardo,Music & Dance,,11M,Brazil,689.8K,245.3K,190.1K
jpgameplayfull,JP Plays,Video games,,10.9M,Brazil,94.6K,6.5K,167
prantoniojunior,Pastor Antônio Júnior,Music & Dance,,10.9M,Brazil,314.6K,78.2K,7.5K
GamesEduUu,Games EduUu,Movies,Toys,10.9M,Brazil,1.3M,202.1K,6.2K
brancoala,Brancoala,Toys,,10.7M,Brazil,459.4K,11.4K,288
5incominutos,5incominutos,,,10.7M,Brazil,146.5K,25.7K,1.2K
francinyehlke,Franciny Ehlke,Fashion,Design/art,10.6M,Brazil,212.7K,22.5K,1K
Playing with Rafael,Playing with Rafael,,,10.5M,Brazil,28.7K,1.3K,N/A'
sbtthenoite,The Noite com Danilo Gentili,,,10.5M,Brazil,14.5K,773,28
Milena Stepanienco - MILENINHA,Milena Stepanienco - MILENINHA,Toys,,10.3M,Brazil,214.2K,1.9K,N/A'
MrGustavoParodias,Gustavo Paródias,,,10.2M,Brazil,605.5K,41.2K,60
TomorrowlandChannel,Tomorrowland,Music & Dance,,10.1M,Brazil,13.5K,677,50
JessicaJulioeBaby,Laurinha e Helena - Clubinho da Laura,Movies,Animation,10.1M,Brazil,188.7K,5K,114
Lorrayne Oliveira,Lorrayne Oliveira,Toys,,10.1M,Brazil,525.2K,26K,979
Receitas de Pai,Receitas de Pai,Food & Drinks,,10.1M,Brazil,95.7K,12.2K,436
RUOK FF,RUOK FF,,,10M,Brazil,620.3K,59.2K,3.9K
makebymarimaria,Mari Maria,Fashion,DIY & Life Hacks,9.9M,Brazil,85.9K,7.7K,479
mamilosmolengas,Mussoumano,Music & Dance,Animation,9.9M,Brazil,1.5M,71.9K,4.7K
panicopgm,Programa Panico,Toys,,9.9M,Brazil,19.7K,949,29
BrPVPHu3,João Caetano,,,9.7M,Brazil,530.2K,47.5K,796
BETO GAMER,BETO GAMER,Animation,Video games,9.6M,Brazil,418.8K,35.2K,343
NetflixBRA,Netflix Brasil,,,9.6M,Brazil,29.5K,2.4K,107
Garena Free Fire Brasil,Garena Free Fire Brasil,Video games,,9.5M,Brazil,16.5K,1.7K,92
FutParódias,FutParódias,Music & Dance,,9.3M,Brazil,1.2M,96.2K,1.5K
brunoberti10,Irmãos Berti,Movies,Animation,9.3M,Brazil,90.9K,6K,249
NetflixBRA,Netflix Brasil,,,9.6M,Brazil,29.5K,2.4K,107
Garena Free Fire Brasil,Garena Free Fire Brasil,Video games,,9.5M,Brazil,16.5K,1.7K,92
NickyJamTV,NickyJamTV,Music & Dance,,23.1M,Colombia,33.2K,1.9K,72
Anuel AA,Anuel AA,Music & Dance,,22M,Colombia,7.1M,230.2K,17.8K
Sandra Cires Art,Sandra Cires Art,,,16.1M,Colombia,730.1K,47.4K,2K
Camilo,Camilo,Music & Dance,,15.1M,Colombia,184.8K,9.9K,115
YOLO AVENTURAS,YOLO AVENTURAS,Daily vlogs,,12.9M,Colombia,1.4M,114.4K,1.9K
MrSirpirriplin,Ami Rodriguez,,,12.5M,Colombia,1.3M,124K,379
Lulu99,Lulu99,,,11.9M,Colombia,226.3K,16.1K,1.4K
DANIEL EL TRAVIESO VIDEOS,DANIEL EL TRAVIESO VIDEOS,Animation,Humor,11.6M,Colombia,1.2M,43.2K,1.4K
Sech,Sech,Music & Dance,,9.6M,Colombia,12.9K,772,8
MrStiven Tc,MrStiven Tc,Video games,,9.5M,Colombia,359.6K,36.1K,174
MrStiven Tc,MrStiven Tc,Video games,,9.5M,Colombia,359.6K,36.1K,174
Ceylin - H Official,Ceylin - H Official,Music & Dance,,10.7M,Cyprus,18.4K,N/A',N/A'
enchufetv,enchufetv,Humor,,26M,Ecuador,309.1K,25.2K,106
حِرف إبداعية في 5 دقائق,حِرف إبداعية في 5 دقائق,,,15.1M,Egypt,41.7K,479,20
حقائق وأسرار,حقائق وأسرار,,,14.5M,Egypt,21.5K,1.1K,64
MRamadanOfficial,Mohamed Ramadan I محمد رمضان,,,14.1M,Egypt,2.8M,52K,3.2K
Anasala I أنس و أصالة,Anasala I أنس و أصالة,,,14.1M,Egypt,3.5M,233.5K,6.9K
MBCMASR,MBC مصر,,,11.7M,Egypt,1.2K,14,1
الجانب المُشرق | Bright Side Arabic,الجانب المُشرق | Bright Side Arabic,,,11.3M,Egypt,28.8K,809,48
Troom Troom Arabic,Troom Troom Arabic,,,10.5M,Egypt,356.4K,4.7K,66
shfa,shfa,Daily vlogs,,35.6M,France,3.5M,50.9K,N/A'
aMOODIEsqueezie,SQUEEZIE,,,17.1M,France,4.9M,429.7K,5.5K
NormanFaitDesVideos,NORMAN FAIT DES VIDÉOS,Animation,Humor,12.1M,France,1.6M,153.5K,3.1K
tseries,T-Series,Music & Dance,,217M,India,140.3K,4.4K,203
setindia,SET India,,,130.5M,India,26.2K,358,22
zeemusiccompany,Zee Music Company,Music & Dance,,84.3M,India,61.6K,2.5K,137
5-Minute Crafts,5-Minute Crafts,,,76.8M,India,249.4K,2.2K,86
GoldminesTelefilms,Goldmines,,,71.4M,India,33.5K,518,23
sabtv,Sony SAB,Movies,Animation,68.5M,India,34.5K,659,18
BANGTANTV,BANGTANTV,Music & Dance,,68.2M,India,3.9M,720.8K,15K
zeetv,Zee TV,,,62.3M,India,78.3K,1.1K,12
filmigaane,Shemaroo Filmi Gaane,Music & Dance,,60.5M,India,43.5K,461,28
colorstv,Colors TV,,,52.9M,India,15K,326,5
tipsmusic,Tips Official,Music & Dance,,51.6M,India,210.6K,1.8K,54
aajtaktv,Aaj Tak,News & Politics,,51.5M,India,7K,106,13
sonymusicindiaSME,Sony Music India,Music & Dance,,51.4M,India,110.6K,3.7K,155
tseriesbhakti,T-Series Bhakti Sagar,Music & Dance,,51.2M,India,24.4K,833,46
yrf,YRF,Music & Dance,Movies,46.3M,India,1.2M,23.8K,1.5K
speedrecordss,Speed Records,Music & Dance,,40.4M,India,29.4K,1.4K,71
Voot Kids,Voot Kids,Movies,Animation,37.8M,India,1.4M,10.3K,N/A'
ShemarooEnt,Shemaroo,,,37.7M,India,24.7K,152,6
venus,Ishtar Music,Music & Dance,,37.1M,India,24.7K,354,19
Jkk Entertainment,Jkk Entertainment,,,35.2M,India,4.9M,40.6K,557
Goldmines Gaane Sune Ansune,Goldmines Gaane Sune Ansune,Music & Dance,,33.7M,India,41.5K,379,18
Total Gaming,Total Gaming,,,32.8M,India,1M,117.4K,4.9K
abpnewstv,ABP NEWS,News & Politics,,32.8M,India,2.7K,33,4
Desi Music Factory,Desi Music Factory,Music & Dance,,32.7M,India,10.5M,498.1K,43.2K
UltraHindi,Ultra Bollywood,,,32.5M,India,436.1K,2.3K,42
Geet MP3,Geet MP3,Music & Dance,,32.5M,India,10.4M,247K,19.1K
sonypalindia,Sony PAL,,,32M,India,7K,55,7
tseriesapnapunjab,T-Series Apna Punjab,Music & Dance,,31.9M,India,24K,1.1K,59
KHANDESHI MOVIES,KHANDESHI MOVIES,,,31.7M,India,3.6M,31.6K,529
IndiaTV,IndiaTV,News & Politics,,31.1M,India,8.3K,168,12
erosentertainment,Eros Now Music,,,30.7M,India,15.3K,403,12
MrBean,Mr Bean,,,30.6M,India,4.3M,145.3K,9.5K
tseriesoldisgold,Bollywood Classics,Music & Dance,,29.9M,India,37.5K,759,34
rajshri,Rajshri,,,29.9M,India,16.3K,135,7
SongsOfIndianCinema,Saregama Music,Music & Dance,,28.9M,India,27.9K,840,45
WWRBhojpuri,Worldwide Records Bhojpuri,Music & Dance,,27.7M,India,71K,1.7K,104
Techno Gamerz,Techno Gamerz,,,27.2M,India,6.5M,377.8K,21.5K
PowerKids,PowerKids,Movies,Animation,27.1M,India,21.4K,N/A',N/A'
Round2hell,Round2hell,,,26.7M,India,33.9M,3.2M,146.5K
MR. INDIAN HACKER,MR. INDIAN HACKER,,,26.2M,India,6.4M,561.2K,21.6K
zeenews,Zee News,News & Politics,,25.9M,India,29.7K,723,49
adityamusic,Aditya Music,Music & Dance,,25.6M,India,37.6K,1.3K,34
1MILLION Dance Studio,1MILLION Dance Studio,,,25.4M,India,37.2K,2.1K,37
adityacinema,Aditya Movies,,,23.7M,India,18.3K,355,19
Sandeep Maheshwari,Sandeep Maheshwari,Daily vlogs,,23M,India,1.2M,77.4K,4K
DjSnakeTV,DJ Snake,Music & Dance,,23M,India,0,972,15
ABP NEWS HINDI,ABP NEWS HINDI,News & Politics,,22.8M,India,1.1K,13,2
Technical Guruji,Technical Guruji,,,22.2M,India,70.5K,6.1K,707
shemaroomovies,Shemaroo Movies,,,21.9M,India,12K,78,3
VenusMovies,Venus Movies,,,21.8M,India,226.9K,2K,65
Crazy XYZ,Crazy XYZ,,,21.7M,India,5.3M,371.3K,18.2K
Goldmines Bollywood,Goldmines Bollywood,,,21.7M,India,14.1K,119,6
WHBBP,White Hill Music,Music & Dance,,21.5M,India,26.6K,1.4K,49
The Lallantop,The Lallantop,News & Politics,,21.5M,India,14.1K,352,53
hamaarbhojiwood,Wave Music Bhojpuri,Music & Dance,,21.2M,India,14K,240,30
5-Minute Crafts DIY,5-Minute Crafts DIY,Music & Dance,,20.8M,India,23.3K,420,15
goldmineshindi,Goldmines Movies,,,20.6M,India,8.1K,80,5
PenIndiaPvtLimited,Pen Movies,,,20.6M,India,1.4M,70.8K,2.7K
Goldmines Cineplex,Goldmines Cineplex,,,20.2M,India,9.1K,97,5
HaerteTest,HaerteTest,,,20M,India,27.9K,211,19
5-Minute Crafts PLAY,5-Minute Crafts PLAY,,,19.8M,India,47.1K,274,16
starplus,StarPlus,,,19.6M,India,120.2K,3K,37
UltraMovieParlour,Ultra Movie Parlour,,,19.5M,India,2M,19.5K,363
MrVivekBindra,Dr. Vivek Bindra: Motivational Speaker,Education,,19.2M,India,602.2K,30.2K,1.5K
Crafty Panda,Crafty Panda,Music & Dance,,19.1M,India,47.3K,450,13
DLS News,DLS News,News & Politics,,19M,India,72.6K,2.3K,130
sonotekvideo,Sonotek,Music & Dance,,18.2M,India,25.6K,775,139
Netflix India,Netflix India,,,18.1M,India,127.5K,4.8K,141
Sun TV,Sun TV,,,17.8M,India,82.4K,1.5K,23
Emiway Bantai,Emiway Bantai,Music & Dance,,17.8M,India,5.6M,495K,122.7K
FactTechz,FactTechz,,,17.5M,India,386.1K,38.5K,789
A_S Gaming,A_S Gaming,,,17.5M,India,589.7K,62.9K,1.4K
Stubborn Facts,Stubborn Facts,,,17.3M,India,0,N/A',N/A'
STARVIJAY,Vijay Television,,,17.1M,India,365.4K,8K,110
etvteluguindia,etvteluguindia,,,17.1M,India,27.4K,284,1
Village Cooking Channel,Village Cooking Channel,,,17M,India,6.2M,208.7K,4.6K
Khan GS Research Centre,Khan GS Research Centre,Education,,16.4M,India,7.5M,490.2K,21.8K
Triggered Insaan,Triggered Insaan,Humor,,16.1M,India,3.8M,401.3K,14.7K
Prajapati News,Prajapati News,,,16.1M,India,29.3K,1.4K,56
Aayu and Pihu Show,Aayu and Pihu Show,Movies,Humor,15.7M,India,3M,76.2K,6.2K
Goldmines Great Indian Comedy,Goldmines Great Indian Comedy,,,15.7M,India,14.5K,189,10
rkddigital,RKD Studios,,,15.6M,India,22.3K,478,28
indiancomedy,Shemaroo Comedy,,,15.3M,India,50.6K,511,16
wifistudy,wifistudy,Education,,15.3M,India,7.5K,529,10
popchartbusters,Pop Chartbusters,Music & Dance,,15.3M,India,7K,172,11
Sourav Joshi Vlogs,Sourav Joshi Vlogs,Daily vlogs,,15.3M,India,6.1M,545.6K,16.8K
LOKESH GAMER,LOKESH GAMER,,,15M,India,554.6K,64.2K,2K
SriBalajiMovies,SriBalajiMovies,,,14.9M,India,7.9K,90,2
News24page,News24,News & Politics,,14.9M,India,3.1K,63,8
newvolgavideo,Volga Video,,,14.7M,India,4.3K,42,2
Harsh Beniwal,Harsh Beniwal,Movies,Humor,14.7M,India,15.7M,1.7M,91K
laharimusic,Lahari Music | T-Series,Music & Dance,,14.5M,India,12.3K,464,15
ndtvindia,NDTV India,News & Politics,,14.5M,India,11.5K,296,32
Dushyant kukreja,Dushyant kukreja,,,14.4M,India,5.5M,316.4K,873
bbchindi,BBC News Hindi,News & Politics,,14.3M,India,159K,N/A',315
BollywoodClassics,Bollywood Classics,Music & Dance,,14.2M,India,16.8K,185,8
Gyan Gamingㅤ,Gyan Gamingㅤ,,,14.2M,India,475.9K,51.9K,750
And TV,And TV,,,14.2M,India,3K,111,1
TeamFilmsBhojpuri,Team Films Bhojpuri,Music & Dance,Movies,14.1M,India,19.9K,473,88
narendramodionline,NMF News,News & Politics,,14.1M,India,10K,246,29
News18 India,News18 India,News & Politics,,13.9M,India,4.3K,70,4
A2 Motivation by {Arvind Arora},A2 Motivation by {Arvind Arora},,,13.9M,India,501.8K,60.7K,300
Dangal TV Channel,Dangal TV Channel,,,13.8M,India,40.5K,314,6
Sidhu Moose Wala,Sidhu Moose Wala,Music & Dance,,13.8M,India,1.7M,118.5K,4.9K
fcbarcelona,FC Barcelona,Sports,,13.5M,India,92.8K,6.9K,213
Online Job,Online Job,,,13.3M,India,7.8K,315,39
MazhavilManorama,Mazhavil Manorama,,,13.3M,India,17.6K,276,7
ZEE5,ZEE5,,,13.3M,India,1K,26,N/A'
Taarak Mehta Ka Ooltah Chashmah,Taarak Mehta Ka Ooltah Chashmah,,,13.2M,India,498.8K,7.8K,179
MyMissAnand,MyMissAnand,Movies,Humor,13.1M,India,1.5M,47.1K,N/A'
iloveindianmakeup,Anaysa,Humor,,13.1M,India,998.9K,36.9K,950
5-Minute Crafts Recycle,5-Minute Crafts Recycle,,,13.1M,India,56.3K,565,13
Desi Gamers,Desi Gamers,,,13M,India,890.5K,121.9K,7.3K
MY FAMILY,MY FAMILY,,,12.9M,India,5.7M,25K,282
Dan Rhodes,Dan Rhodes,Animation,Toys,12.9M,India,441K,37.1K,304
ETV Jabardasth,ETV Jabardasth,,,12.9M,India,121K,1.9K,42
SRKASSAMESE,SRK MUSIC,Music & Dance,,12.9M,India,45.7K,1.4K,91
LIV Crime,LIV Crime,Daily vlogs,,12.8M,India,81.2K,1K,54
Health Time,Health Time,Daily vlogs,,12.7M,India,2.3K,91,N/A'
zeetvtelugu,Zee Telugu,,,12.7M,India,75.6K,936,9
NishaMadhulika,Nisha Madhulika,Food & Drinks,,12.6M,India,222.1K,5.4K,804
Knowledge Tv हिन्दी,Knowledge Tv हिन्दी,Education,,12.5M,India,99.2K,4K,161
Busy Fun Ltd,Busy Fun Ltd,,,12.5M,India,23.7M,86.1K,981
tseriesregional,T-Series Regional,Music & Dance,,12.5M,India,3.8K,81,11
Dear Sir,Dear Sir,Education,,12.3M,India,71.7K,10.7K,341
zeebangla,Zee Bangla,,,12.3M,India,27.3K,333,4
hamaarbhojpuri,T-Series Hamaar Bhojpuri,Music & Dance,,12.3M,India,19.1K,386,44
The MriDul,The MriDul,,,12.3M,India,7.3M,296.8K,13.4K
StudyIQ IAS,StudyIQ IAS,Education,,12.3M,India,11.7K,566,12
JOJO TV - Hindi Stories,JOJO TV - Hindi Stories,,,12.1M,India,141.8K,842,N/A'
Kabita's Kitchen,Kabita's Kitchen,,,12.1M,India,162.7K,5.4K,427
Mythpat,Mythpat,,,12.1M,India,4M,241.8K,10.8K
Blockbuster Movies,Blockbuster Movies,Daily vlogs,,12.1M,India,113.8K,1K,22
officialjassrecords,Jass Records,Music & Dance,,12.1M,India,8.9K,674,13
Troom Troom India,Troom Troom India,,,12.1M,India,367.2K,3.1K,44
Sony Music South,Sony Music South,Music & Dance,,12M,India,228.2K,3.8K,148
thinkmusicindia,Think Music India,Music & Dance,,12M,India,54.4K,2.6K,96
Planet Earth INDIA,Planet Earth INDIA,Daily vlogs,,11.9M,India,28.6K,1.9K,159
Panda,Panda,Animation,Toys,11.9M,India,1.1M,116.6K,4.6K
ndtv,NDTV,News & Politics,,11.9M,India,3.4K,49,11
Trakin Tech,Trakin Tech,News & Politics,,11.8M,India,198.8K,14.9K,642
CHHOTU KI MASTI,CHHOTU KI MASTI,,,11.7M,India,2.1M,19.9K,376
htbhakti,Sonotek Bhakti,Music & Dance,,11.7M,India,115.4K,159,64
TsMadaan,TsMadaan,Education,,11.7M,India,14.8K,1.2K,11
Koo Koo TV - Hindi,Koo Koo TV - Hindi,,,11.7M,India,470.8K,4.9K,140
Narendra Modi,Narendra Modi,Science & Technology,News & Politics,11.4M,India,24.9K,1.1K,91
Hero Movies 2022,Hero Movies 2022,Daily vlogs,,11.3M,India,49.7K,489,12
Free Fire India Official,Free Fire India Official,Animation,,11.3M,India,84.9K,9.6K,324
Technology Gyan,Technology Gyan,,,11.2M,India,277.9K,25.7K,1.2K
Ajay Sharma,Ajay Sharma,,,11.2M,India,2M,107.3K,242
hawkrecord,Single Track Studio,Music & Dance,,11.2M,India,336K,3.4K,130
MaJa Tv Hindi Stories,MaJa Tv Hindi Stories,,,11.2M,India,518.7K,5.5K,110
CarryisLive,CarryisLive,,,11.1M,India,1M,82.8K,722
TheViralFeverVideos,The Viral Fever,Movies,Humor,11.1M,India,302.4K,18.2K,193
Gulshan Kalra,Gulshan Kalra,,,11.1M,India,4.3M,324.2K,327
BakLol Video,BakLol Video,Movies,Humor,11.1M,India,1.7M,32.6K,1K
Mo Vlogs,Mo Vlogs,Humor,Autos & Vehicles,11M,India,295.5K,14K,1.1K
bharatzkitchen HINDI,bharatzkitchen HINDI,,,11M,India,245.2K,5.7K,217
TV9 Bharatvarsh,TV9 Bharatvarsh,News & Politics,,11M,India,7.7K,145,6
Republic Bharat,Republic Bharat,News & Politics,,11M,India,8K,149,18
Pari's Lifestyle,Pari's Lifestyle,Daily vlogs,,11M,India,1.6M,21.1K,521
Levinho,Levinho,,,10.9M,India,239K,23.2K,564
Pragati Verma Shorts,Pragati Verma Shorts,,,10.9M,India,2.2M,133.5K,1.8K
telugufilmnagar,Telugu Filmnagar,,,10.7M,India,3K,60,1
NEXT9NEWS हर खबर आप तक,NEXT9NEWS हर खबर आप तक,News & Politics,,10.7M,India,2.8K,21,1
OfficiallyAnneMarie,Anne-Marie,Music & Dance,,10.7M,India,50.8K,3.9K,183
Flowers Comedy,Flowers Comedy,,,10.7M,India,98.3K,1.3K,105
KapilComedyNights,Colors Rishtey,,,10.6M,India,5.8K,87,2
sagahits,SagaHits,Music & Dance,,10.6M,India,194.1K,997,53
zeetamil,Zee Tamil,,,10.5M,India,60.3K,734,7
TWO SIDE GAMERS,TWO SIDE GAMERS,,,10.5M,India,844.5K,78.6K,4.1K
Rachit Rojha,Rachit Rojha,,,10.5M,India,5.3M,127.6K,4.1K
Captain Watch Hits,Captain Watch Hits,,,10.5M,India,10.4K,69,4
N1Noobtubers,웃웃TwinsFromRussia,Daily vlogs,,10.5M,India,59.4K,3.2K,21
Pen Multiplex,Pen Multiplex,,,10.5M,India,11.7K,86,4
RDCGujarati,RDC Gujarati,Music & Dance,,10.4M,India,27.4K,888,19
Sab Kuchh Sekho Jano,Sab Kuchh Sekho Jano,News & Politics,,10.3M,India,18.4K,1K,45
WAMIndiaMovies,Wamindia Movies,,,10.3M,India,10.7K,137,6
Hindi Fairy Tales,Hindi Fairy Tales,,,10.3M,India,412.3K,6.9K,N/A'
rathorvideo,Rathore Cassettes,,,10.1M,India,8K,86,6
Hindi Countdown,Hindi Countdown,Education,,10.1M,India,4M,99.7K,2.2K
Hindi Kahaniya,Hindi Kahaniya,,,10.1M,India,120.5K,1.5K,42
Heroine Movies 2022,Heroine Movies 2022,Daily vlogs,,10.1M,India,149.6K,926,19
Dynamo Gaming,Dynamo Gaming,,,10.1M,India,327.4K,38.5K,171
sadhguru,Sadhguru,Movies,,10.1M,India,126K,7K,145
ChennaiExp2013,Red Chillies Entertainment,,,10.1M,India,43.1K,1.6K,92
Comedy Captain,Comedy Captain,,,10M,India,19.7K,132,3
5-Minute Recipes,5-Minute Recipes,,,10M,India,61.9K,642,17
timesmusicindia,Times Music,Music & Dance,,9.9M,India,14.4K,564,31
shrutiarjunanand,Shruti Arjun Anand,Movies,Humor,9.9M,India,690.8K,19.4K,549
Indore Physical Academy,Indore Physical Academy,,,9.8M,India,173.1K,14.4K,207
sonyliv,SonyLIV,,,9.8M,India,3.7K,74,5
Eagle Home Entertainments,Eagle Home Entertainments,,,9.8M,India,1K,11,N/A'
Marta and Rustam,Marta and Rustam,,,9.7M,India,7.9M,224.3K,206
Oneindia Hindi | वनइंडिया हिंदी,Oneindia Hindi | वनइंडिया हिंदी,News & Politics,,9.7M,India,1.5K,24,1
CS Bisht Vines,CS Bisht Vines,,,9.7M,India,4.9M,39.6K,815
Sonotek Haryanvi,Sonotek Haryanvi,Music & Dance,,9.7M,India,7.2K,245,23
aanandaaudio,Anand Audio,,,9.7M,India,81.5K,3.1K,98
Dharma Productions,Dharma Productions,,,9.6M,India,34.9K,1.7K,131
DRJ Records Specials,DRJ Records Specials,,,9.6M,India,28.1K,110,5
bhaktisongs,Shemaroo Bhakti,Music & Dance,,9.6M,India,917,14,1
mainaCassette,Haryanvi Maina,Music & Dance,,9.6M,India,7.9K,77,4
123 GO! Hindi,123 GO! Hindi,,,9.6M,India,819K,6.3K,76
danceindiadance,Dance India Dance,,,9.6M,India,4.7K,80,5
5-Minute Crafts TEENS,5-Minute Crafts TEENS,,,9.6M,India,20.4K,304,13
FilterCopy,FilterCopy,,,9.5M,India,667.2K,19.6K,208
sonotektv,Sonotek Music,Music & Dance,,9.5M,India,38.9K,1.1K,50
VYRLOriginals,VYRLOriginals,Music & Dance,,9.4M,India,6.1M,83.7K,3.1K
chetakvideo,Chetak,Music & Dance,,9.4M,India,17.7K,294,9
Bhojpuri Movies,Bhojpuri Movies,,,9.4M,India,4.5K,56,3
CricketICC,ICC,Sports,,9.3M,India,10.8K,340,27
FilterCopy,FilterCopy,,,9.5M,India,667.2K,19.6K,208
sonotektv,Sonotek Music,Music & Dance,,9.5M,India,38.9K,1.1K,50
Ricis Official,Ricis Official,Music & Dance,Humor,30.3M,Indonesia,592.4K,38.9K,1.1K
AH,AH,Music & Dance,Movies,29.7M,Indonesia,646.3K,34.4K,2.1K
Jess No Limit,Jess No Limit,Movies,Animation,24.8M,Indonesia,594.2K,25.3K,1.6K
Rans Entertainment,Rans Entertainment,Music & Dance,Humor,23.8M,Indonesia,873.6K,28.3K,852
TRANS7indonesia,TRANS7 OFFICIAL,Food & Drinks,,23M,Indonesia,7K,124,11
Frost Diamond,Frost Diamond,Music & Dance,Video games,21.8M,Indonesia,358K,25.1K,1.2K
Baim Paula,Baim Paula,Music & Dance,,20.6M,Indonesia,1.1M,43.5K,2.6K
NewAFI2013,Indosiar,Music & Dance,,20M,Indonesia,11.8K,187,15
corbuzierprediction,Deddy Corbuzier,,,18.8M,Indonesia,2.3M,53.5K,8.1K
kbsworld,KBS WORLD TV,,,18M,Indonesia,4.9K,165,6
GEN HALILINTAR,GEN HALILINTAR,Music & Dance,Humor,18M,Indonesia,135.7K,5.2K,182
MiawAug,MiawAug,Video games,,17.8M,Indonesia,919.6K,49.5K,3.5K
Naisa Alifia Yuriza (N.A.Y),Naisa Alifia Yuriza (N.A.Y),Music & Dance,Humor,17.6M,Indonesia,453.1K,12.3K,608
SCTVIndonesia,Surya Citra Televisi (SCTV),Music & Dance,Humor,17.5M,Indonesia,14.4K,273,21
tanboy kun,tanboy kun,Music & Dance,,16.1M,Indonesia,2.4M,64.6K,2.4K
lescopaque,Les' Copaque Production,,,16M,Indonesia,31.7K,394,39
TRANSTVofficial,TRANS TV Official,Music & Dance,,15.9M,Indonesia,622,8,1
Dyland PROS,Dyland PROS,Movies,Animation,15.5M,Indonesia,110.7K,6.5K,394
RCTI - LAYAR DRAMA INDONESIA,RCTI - LAYAR DRAMA INDONESIA,Music & Dance,Humor,15.1M,Indonesia,14.7K,289,14
Kerajinan 5-Menit,Kerajinan 5-Menit,Music & Dance,,15.1M,Indonesia,19K,174,9
Daftar Populer,Daftar Populer,News & Politics,,14.5M,Indonesia,112.9K,2.3K,165
Mobile Legends: Bang Bang Official,Mobile Legends: Bang Bang Official,Movies,Animation,14.4M,Indonesia,53.4K,1.1K,50
Arif muhammad,Arif muhammad,Music & Dance,Movies,14.3M,Indonesia,2.9M,79.9K,2.7K
MNCTVOfficial,MNCTV OFFICIAL,Music & Dance,,13.7M,Indonesia,3.5K,86,2
The Shiny Peanut,The Shiny Peanut,,,12.9M,Indonesia,24.1K,485,36
BUDI01 GAMING,BUDI01 GAMING,Video games,Humor,12.5M,Indonesia,594.9K,60K,4K
awakeningrecords,Awakening Music,Music & Dance,,12.5M,Indonesia,21K,1.8K,57
Troom Troom Indonesia,Troom Troom Indonesia,Toys,Humor,11.9M,Indonesia,452.6K,4.1K,134
KompasTVNews,KOMPASTV,News & Politics,,11.8M,Indonesia,2.5K,19,6
Yudist Ardhana,Yudist Ardhana,Movies,,11.7M,Indonesia,281.1K,9.1K,343
TwinRoozi 쌍둥이 루지,TwinRoozi 쌍둥이 루지,Daily vlogs,,10.3M,Indonesia,74.7K,N/A',N/A'
T-STUDIO,T-STUDIO,,,10.1M,Indonesia,60.3K,1.9K,2
Islam Populer,Islam Populer,Education,,10M,Indonesia,62.7K,1.8K,232
Raditya Dika,Raditya Dika,Food & Drinks,,9.8M,Indonesia,223.1K,7.9K,405
hasanjr11,hasanjr11,,,9.8M,Indonesia,8.9K,573,27
SULE PRODUCTIONS,SULE PRODUCTIONS,,,9.5M,Indonesia,369K,13.2K,271
efdewe,efdewe,Music & Dance,Video games,9.5M,Indonesia,211.8K,10.7K,659
Nihongo Mantappu,Nihongo Mantappu,Music & Dance,Humor,9.5M,Indonesia,1.8M,90.9K,3.1K
monsta,Monsta,,,9.5M,Indonesia,43K,813,N/A'
LetDa Hyper,LetDa Hyper,Music & Dance,Video games,9.4M,Indonesia,142.4K,7.4K,510
NessieJudge,Nessie Judge,,,9.4M,Indonesia,476.9K,28.9K,878
CNNindonesia,CNN Indonesia,News & Politics,,9.3M,Indonesia,4.6K,49,14
SULE PRODUCTIONS,SULE PRODUCTIONS,,,9.5M,Indonesia,369K,13.2K,271
efdewe,efdewe,Music & Dance,Video games,9.5M,Indonesia,211.8K,10.7K,659
Nihongo Mantappu,Nihongo Mantappu,Music & Dance,Humor,9.5M,Indonesia,1.8M,90.9K,3.1K
monsta,Monsta,,,9.5M,Indonesia,43K,813,N/A'
AboFlah,AboFlah,Animation,Video games,25.5M,Iraq,3.9M,597.9K,25.7K
Noor Stars,Noor Stars,Movies,Humor,19.4M,Iraq,1.8M,142.5K,8.7K
musicalrmastv,الـريماس - Al-Remas,Music & Dance,,16.7M,Iraq,7.2K,1.3K,29
Narins Beauty,Narins Beauty,,,13.3M,Iraq,1.9M,143.9K,6.2K
أترو/Atro,أترو/Atro,,,12.5M,Iraq,449.2K,62.8K,5.5K
Melon City Show - برنامج ولاية بطيخ,Melon City Show - برنامج ولاية بطيخ,,,12.3M,Iraq,170.8K,11.9K,251
Star Casablanca | نجوم الدار البيضاء,Star Casablanca | نجوم الدار البيضاء,Music & Dance,,11.3M,Iraq,34.8K,1.6K,145
منوعات الكوميديا العراقية,منوعات الكوميديا العراقية,,,9.7M,Iraq,1.6M,84.8K,1.8K
Bessan Ismail - بيسان اسماعيل,Bessan Ismail - بيسان اسماعيل,,,9.5M,Iraq,1.4M,133K,11.1K
Bessan Ismail - بيسان اسماعيل,Bessan Ismail - بيسان اسماعيل,,,9.5M,Iraq,1.4M,133K,11.1K
Junya Official Channel,Junya Official Channel,,,16.1M,Japan,399K,5.7K,38
HikakinTV,HikakinTV,Music & Dance,Humor,10.7M,Japan,1.5M,40.3K,1.9K
0214mex,はじめしゃちょー（hajime）,Music & Dance,Humor,10.3M,Japan,1.3M,30.9K,1.4K
MBCkpop,MBCkpop,Music & Dance,,9.9M,Malaysia,4.6K,275,11
JuegaGerman,JuegaGerman,Animation,Video games,45.9M,Mexico,1.5M,178.7K,3K
Badabun,Badabun,,,45.5M,Mexico,5.7K,247,10
Bad Bunny,Bad Bunny,Music & Dance,Movies,41M,Mexico,97.5M,2M,54.8K
LuisitoComunicaa,Luisito Comunica,,,39M,Mexico,2.1M,70.6K,2.9K
Kimberly Loaiza,Kimberly Loaiza,Daily vlogs,,36.8M,Mexico,9.7M,780.4K,59.2K
vegetta777,VEGETTA777,Video games,,33.1M,Mexico,348K,30.6K,242
Mikecrack,Mikecrack,Animation,Video games,31.9M,Mexico,2.2M,139.7K,1.8K
GENIAL,GENIAL,Animation,,31.3M,Mexico,56K,1.6K,52
TheDonato,TheDonato,,,26.9M,Mexico,439K,46.2K,203
LosPolinesios,LosPolinesios,Daily vlogs,,25.5M,Mexico,2.1M,105.7K,3.6K
DrossRotzank,DrossRotzank,News & Politics,Mystery,22.5M,Mexico,1.8M,119.9K,4.5K
Juan De Dios Pantoja,Juan De Dios Pantoja,Daily vlogs,,20.6M,Mexico,8.4M,719K,14.1K
MrBeast en Español,MrBeast en Español,,,19.6M,Mexico,13.6M,464.6K,14K
TelenovelaTelevisa,Tlnovelas,ASMR,,19.2M,Mexico,4.4K,155,3
Troom Troom Es,Troom Troom Es,Toys,,19.2M,Mexico,192.2K,3.8K,42
ElTrollino,ElTrollino,Animation,Video games,17.8M,Mexico,818.2K,68.3K,2.1K
invictorgs3,invictor,Video games,,17.2M,Mexico,2.9M,150.5K,1.4K
Willyrex,Willyrex,Video games,,17.1M,Mexico,139.8K,9K,122
Tu COSMOPOLIS,Tu COSMOPOLIS,Daily vlogs,,16.7M,Mexico,101.5K,7.8K,698
jquintanac5,DeToxoMoroxo,Movies,Animation,16.6M,Mexico,395.2K,27.6K,8.5K
SUPER SLICK SLIME SAM,SUPER SLICK SLIME SAM,DIY & Life Hacks,Design/art,16.5M,Mexico,179.5K,5.8K,152
IDEAS EN 5 MINUTOS,IDEAS EN 5 MINUTOS,,,16.4M,Mexico,40.1K,357,9
ppextras,ExtraPolinesios,Daily vlogs,,16.3M,Mexico,53.9K,3.7K,71
Antrax,Antrax,Video games,,16.1M,Mexico,1M,73.7K,2.7K
MissaSinfonia,MissaSinfonia,Animation,Humor,15.5M,Mexico,7.1M,842.4K,34.5K
Katie Angel,Katie Angel,,,15.3M,Mexico,260.4K,28K,62
Fede Vigevani,Fede Vigevani,,,15.2M,Mexico,3.4M,256.3K,10.1K
makeuplocalypse,Mariale,,,14.9M,Mexico,210.5K,9.1K,334
La Rosa de Guadalupe,La Rosa de Guadalupe,,,14.7M,Mexico,29.9K,514,23
iTownGamePlay,iTownGamePlay *Terror&Diversión*,News & Politics,,14.7M,Mexico,542K,16.7K,707
XpressTV,XpressTV,Science & Technology,,14.5M,Mexico,1.4M,51K,614
Doc Tops,Doc Tops,News & Politics,,13.9M,Mexico,552.9K,30.4K,536
mispastelitosyoutub,Mis Pastelitos,Food & Drinks,,13.7M,Mexico,1.4M,50K,1.9K
vetealaversha,Darkar Company Studios,Animation,Video games,13.7M,Mexico,111.7K,11.6K,185
Auron,Auron,Video games,,13.5M,Mexico,1.3M,88.3K,1.2K
SrtaLynaV,Lyna,Movies,Animation,13.3M,Mexico,449.2K,29.7K,1.6K
TV Ana Emilia,TV Ana Emilia,Fashion,,13.3M,Mexico,171.6K,6K,785
123 GO! Spanish,123 GO! Spanish,Toys,,13.1M,Mexico,362.8K,4.8K,96
AdexeOficial,Adexe & Nau,Music & Dance,,12.5M,Mexico,24.7K,2.3K,258
gymvirtual,gymvirtual,Music & Dance,,12.5M,Mexico,67.9K,3K,58
TheDaniRep,DaniRep | +6 Vídeos Diarios De GTA 5 Online!,Animation,Video games,12M,Mexico,220.1K,16.9K,158
Más SKabeche,Más SKabeche,,,11.9M,Mexico,1.9M,113.2K,1.8K
DeGoBooM,DeGoBooM,Movies,Animation,11.9M,Mexico,558.3K,25.1K,108
YairAuriazul,Yair17,,,11.9M,Mexico,297.9K,38.8K,1.2K
RaptorGamer,RaptorGamer,Animation,Video games,11.8M,Mexico,724.1K,37.8K,790
CNCO,CNCO,Music & Dance,,11.7M,Mexico,22.5K,6.3K,407
Garena Free Fire LATAM,Garena Free Fire LATAM,,,11.7M,Mexico,75.2K,3K,187
MrTimbaVk,Timba Vk,Animation,Video games,11.7M,Mexico,1.9M,76.1K,1.2K
E-MasterSensei,E-MasterSensei,Movies,Video games,11.5M,Mexico,1.1M,75K,946
luzugames,luzugames,Animation,Video games,11.3M,Mexico,477.8K,43.4K,712
elcarteldesantatv,elcarteldesantatv,Music & Dance,,11.3M,Mexico,112.7K,15.4K,496
Juanpa Zurita,Juanpa Zurita,,,10.9M,Mexico,777.4K,49K,1.1K
XHuevaX,Hueva,Video games,,10.9M,Mexico,472.6K,15.4K,819
francoescamilla,Franco Escamilla,,,10.7M,Mexico,327.1K,11.1K,239
craftingeek,Craftingeek,,,10.5M,Mexico,101.7K,3.4K,335
tomiii 11,tomiii 11,Daily vlogs,,10.5M,Mexico,71.3K,13.7K,2.3K
TikTak Draw,TikTak Draw,Animation,,10.5M,Mexico,126.7K,7K,248
LA DIVAZA,LA DIVAZA,,,10.5M,Mexico,515.9K,54.9K,1.8K
Caso Cerrado,Caso Cerrado,Animation,,10.3M,Mexico,399K,3.7K,109
DalasReview,Dalas Review,Science & Technology,,10.3M,Mexico,728.1K,69.7K,4.1K
Luan Palomera,Luan Palomera,,,10.1M,Mexico,470.4K,19.5K,1.1K
BERTH-OH,BERTH-OH,,,10M,Mexico,790.7K,30.2K,709
DELRECORDS,DEL Records,Music & Dance,,9.7M,Mexico,38.8K,1.5K,84
ZarcortGame,ZarcortGame,Music & Dance,,9.6M,Mexico,54.1K,8K,359
luisitorey,luisitorey,,,9.6M,Mexico,9.3K,562,13
CRACKS,CRACKS,Movies,Animation,9.4M,Mexico,22.7K,1.6K,97
luisitorey,luisitorey,,,9.6M,Mexico,9.3K,562,13
SaadLamjarredTV,Saad Lamjarred | سعد لمجرد,Music & Dance,,13.9M,Morocco,755.5K,50.9K,3.6K
aljazeerachannel,AlJazeera Channel قناة الجزيرة,News & Politics,,10.5M,Morocco,13.4K,278,59
BBCArabicNews,BBC News عربي,News & Politics,,10.1M,Morocco,15.7K,369,66
ARY Digital HD,ARY Digital HD,,,30.4M,Pakistan,10.6K,116,6
harpalgeo,HAR PAL GEO,,,30.1M,Pakistan,5.7K,53,3
HumNetwork,HUM TV,,,21.3M,Pakistan,2.3K,16,1
TRT Originals Urdu,TRT Originals Urdu,,,18.4M,Pakistan,268.8K,11.8K,302
Coke Studio,Coke Studio,Music & Dance,Movies,12.3M,Pakistan,67.7K,2.6K,126
geonews,Geo News,News & Politics,,11.7M,Pakistan,5.1K,69,12
ARYNEWSofficial,ARY News,News & Politics,,10.1M,Pakistan,39.1K,904,79
Golemcito Games,Golemcito Games,Movies,Animation,10.7M,Peru,1.4M,150.8K,3.8K
ABSCBNOnline,ABS-CBN Entertainment,,,39.8M,Philippines,1.8K,29,1
GMANETWORK,GMANetwork,,,26.9M,Philippines,10.1K,205,8
Raffy Tulfo in Action,Raffy Tulfo in Action,News & Politics,,23.4M,Philippines,603.9K,10.5K,1.3K
gmapublicaffairs,GMA Public Affairs,News & Politics,,19.1M,Philippines,7.9K,98,7
Ivana Alawi,Ivana Alawi,Daily vlogs,,15.5M,Philippines,4.4M,180.7K,4.8K
ranziscool,Ranz Kyle,Humor,,14.9M,Philippines,511.4K,22.5K,706
Niana Guerrero,Niana Guerrero,Music & Dance,Humor,14.7M,Philippines,814.1K,36.2K,933
TheABSCBNNews,ABS-CBN News,News & Politics,,13.9M,Philippines,4.3K,45,3
TWICE,TWICE,Music & Dance,Movies,13.9M,Philippines,396.6K,53.7K,1.9K
Wish 107.5,Wish 107.5,Music & Dance,,13.1M,Philippines,84.8K,2K,129
Alex Gonzaga Official,Alex Gonzaga Official,Music & Dance,Humor,12.7M,Philippines,2.8M,115.5K,2K
Zeinab Harake,Zeinab Harake,Daily vlogs,,12.7M,Philippines,2.7M,183.4K,3.9K
gmanews,GMA News,News & Politics,,11.7M,Philippines,7K,77,12
lincolnvelasquez,Cong TV,,,10.2M,Philippines,3.3M,241.6K,10.1K
popskids,POPS Kids,Animation,,14.7M,Poland,3.9K,37,N/A'
A4,A4,Animation,Humor,40.3M,Russia,9.3M,508.6K,29.7K
Mister Max,Mister Max,DIY & Life Hacks,,23M,Russia,1.4M,26.9K,992
Miss Katy,Miss Katy,Video games,,21.8M,Russia,1.5M,40.9K,900
HiMan,HiMan,Video games,,17.9M,Russia,1.9M,124.2K,4.9K
ThePoznavatel,Познаватель,Toys,DIY & Life Hacks,17.3M,Russia,4.1M,123.9K,3K
TheBrianMaps,TheBrianMaps,Video games,Humor,16.4M,Russia,2.5M,248.6K,13.9K
AdMe,AdMe,Animation,,15.5M,Russia,34.2K,1.1K,49
ntvru,НТВ,News & Politics,,15M,Russia,82.3K,901,216
MasterskayaNastroeny,Мастерская Настроения,,,13.9M,Russia,331.1K,7.4K,116
pognalishow,Дима Масленников,Video games,,13.8M,Russia,5.5M,638.4K,21.2K
Kuplinov ► Play,Kuplinov ► Play,Video games,,13.7M,Russia,1.6M,115.3K,2.2K
EdisonPts,EdisonPts,Video games,,13.7M,Russia,2M,136.5K,9K
PozzitifonShow,Поззи,Video games,,12.9M,Russia,703.1K,34.5K,2.2K
ГЛЕНТ,ГЛЕНТ,Video games,,12.5M,Russia,2.8M,248.8K,6.2K
Lady Diana,Lady Diana,Music & Dance,,12.5M,Russia,325.6K,5.2K,92
TastyCompot,Compot,Video games,,11.7M,Russia,1.1M,53.6K,2.1K
Magic Five,Magic Five,Travel,,11.3M,Russia,2.9M,161.7K,26.3K
Луномосик,Луномосик,Video games,,11.1M,Russia,1.5M,52.7K,1.6K
AdamThomasMoran,AdamThomasMoran,Video games,Humor,10.7M,Russia,539.9K,56.5K,3.8K
ctctv,СТС,Video games,Humor,10.3M,Russia,27.5K,429,24
вДудь,вДудь,News & Politics,,10.1M,Russia,13.9M,479.2K,65.5K
Wylsacom,Wylsacom,News & Politics,,10.1M,Russia,423.4K,16.1K,1.2K
KiKiDo,KiKiDo,Video games,Humor,10.1M,Russia,2M,50.9K,2K
Viki Show,Viki Show,Video games,Toys,10.1M,Russia,2.2M,86.8K,7.3K
Family Box,Family Box,Video games,,9.9M,Russia,254.4K,5K,381
EugenBro,EugenBro,Video games,,9.9M,Russia,459.3K,22.7K,1.7K
TeremokSongs,Теремок - Песенки для детей,Music & Dance,,9.7M,Russia,144K,627,N/A'
YFrostA,FROST,Video games,,9.3M,Russia,218.7K,21.9K,669
mmoshaya,mmoshaya,,,21.9M,Saudi Arabia,3.3M,51.2K,2.5K
RotanaAudio,Rotana,Music & Dance,,19.6M,Saudi Arabia,19.2K,657,68
HusamYK,Katakit Baby TV,Music & Dance,,12.3M,Saudi Arabia,160K,1.6K,N/A'
BanderitaX,BanderitaX,Animation,Video games,11.7M,Saudi Arabia,1.8M,149K,4.7K
TheWillyrex,TheWillyrex,,,18.6M,Spain,38.8K,2K,N/A'
TheGrefg,TheGrefg,Animation,Video games,17.6M,Spain,959.9K,73.6K,1K
Makiman131,Makiman131,Movies,Animation,14.9M,Spain,313.3K,19.9K,596
ExpCaseros,ExpCaseros,DIY & Life Hacks,Food & Drinks,11.5M,Spain,105.2K,3.5K,218
ElRinconDeGiorgio,El Rincón De Giorgio,Video games,,11.1M,Spain,1.5M,202.5K,4.8K
WorkpointOfficial,WorkpointOfficial,,,36.6M,Thailand,7.2K,106,5
gmmonetv,one31,,,33.8M,Thailand,8.2K,198,7
tv3official,Ch3Thailand,,,30.7M,Thailand,120.5K,1.4K,33
gmmgrammyofficial,GMM GRAMMY OFFICIAL,Music & Dance,,22M,Thailand,2.6K,38,2
rsiammusic,RsiamMusic : อาร์สยาม,Music & Dance,,17.5M,Thailand,5.7K,126,9
grammygoldofficia,Grammy Gold Official,Music & Dance,,16.9M,Thailand,15.1K,283,16
zbingzbing,zbing z.,Animation,Video games,16.3M,Thailand,615.6K,19.7K,680
Kaykai Salaider,Kaykai Salaider,Movies,Humor,15.9M,Thailand,519.8K,36.8K,1.3K
AMARINTV : อมรินทร์ทีวี,AMARINTV : อมรินทร์ทีวี,News & Politics,,15.5M,Thailand,7.8K,98,15
bbtvch7,Ch7HD,,,14.8M,Thailand,4.9K,98,3
GMMTVSPOTLIKE,GMMTV OFFICIAL​​,Movies,Animation,14.4M,Thailand,27.9K,700,22
thairathonline,Thairath Online,News & Politics,,14.3M,Thailand,14K,187,20
Genierock,Genierock,Music & Dance,,14.1M,Thailand,22.3K,484,30
CH8vdo,ช่อง8 : Thai Ch8,,,13.9M,Thailand,6.3K,84,2
bomberball,Bie The Ska,,,13.9M,Thailand,971.4K,29.1K,608
gmmchannel,GMM25Thailand,,,13.5M,Thailand,2.9K,36,1
My Mate Nate,My Mate Nate,,,12.1M,Thailand,1.7M,58.3K,1.4K
SpriteDer SPD,SpriteDer SPD,Humor,,9.5M,Thailand,4.3M,151.4K,4K
RSVDO,rsfriends,Music & Dance,,9.4M,Thailand,1.5K,39,4
SpriteDer SPD,SpriteDer SPD,Humor,,9.5M,Thailand,4.3M,151.4K,4K
netdmuzikk,netd müzik,Music & Dance,,22.4M,Turkey,7.8K,188,41
atv,atv,Animation,,10.3M,Turkey,13.4K,120,9
ThePersica,Orkun Işıtmak,Animation,,9.8M,Turkey,2.3M,101.2K,3K
Sidemen,Sidemen,Video games,Humor,15.2M,United Kingdom,15.2M,511.3K,18.6K
F2Freestylers,F2Freestylers - Ultimate Soccer Skills Channel,Sports,,13.9M,United Kingdom,1.1M,40.8K,739
bbcnews,BBC News,News & Politics,,12.5M,United Kingdom,99.5K,1.5K,1K
BBC,BBC,,,12.4M,United Kingdom,23.1K,364,46
Tiana,Tiana,Video games,Humor,11.4M,United Kingdom,203.4K,6.9K,521
miniminter,Miniminter,Video games,Humor,10.1M,United Kingdom,1.6M,142.8K,2.1K
PewDiePie,PewDiePie,Animation,,111.5M,United States,4.5M,350.4K,17.3K
MrBeast6000,MrBeast,Video games,Humor,97.3M,United States,68.9M,3.9M,161.6K
WWEFanNation,WWE,Video games,,88.5M,United States,22.7K,495,28
BLACKPINK,BLACKPINK,Music & Dance,,74.7M,United States,2.6M,459.5K,25.7K
ibighit,HYBE LABELS,Music & Dance,,65.7M,United States,1.5M,212.5K,5.3K
corycotton,Dude Perfect,Video games,,57.6M,United States,6.9M,403K,5.9K
movieclips,Movieclips,Movies,Animation,57.2M,United States,43.3K,594,23
EdSheeran,Ed Sheeran,Music & Dance,,52M,United States,483.6K,18K,718
BRIGHT SIDE,BRIGHT SIDE,Animation,,43.5M,United States,54.5K,1.4K,98
DjWalkzz,Alan Walker,Music & Dance,Movies,42M,United States,501.6K,49.1K,1.9K
TheEllenShow,TheEllenShow,,,38.2M,United States,58.2K,1.1K,49
shakira,Shakira,,,36.4M,United States,219.2K,10.8K,179
TEDxTalks,TEDx Talks,,,35.3M,United States,125,4,N/A'
YouTube,YouTube,,,33.1M,United States,28.1K,1.4K,N/A'
markiplierGAME,Markiplier,Animation,Video games,32.9M,United States,3.2M,178.5K,5.8K
NoCopyrightSounds,NoCopyrightSounds,Music & Dance,,32.5M,United States,354K,13.5K,1.2K
SSSniperWolf,SSSniperWolf,Humor,,31.9M,United States,3.7M,109.1K,5.5K
Luis Fonsi,Luis Fonsi,,,30.8M,United States,18.3K,1.5K,59
SMTOWN,SMTOWN,Music & Dance,,30.5M,United States,323.8K,30.8K,1.7K
AllTrapNation,Trap Nation,Music & Dance,,30.5M,United States,80.5K,2.8K,117
SpinninRec,Spinnin' Records,Music & Dance,,29.6M,United States,50.6K,2K,53
latenight,The Tonight Show Starring Jimmy Fallon,Music & Dance,Humor,29.5M,United States,90.8K,2.2K,108
jacksepticeye,jacksepticeye,Video games,,28.4M,United States,1.3M,70.9K,3.2K
TheLateLateShow,The Late Late Show with James Corden,Animation,Humor,27.9M,United States,59.5K,1.3K,96
TalkingTomCat,Talking Tom,,,27.7M,United States,103.9K,1.8K,N/A'
MrBeast Gaming,MrBeast Gaming,Animation,Video games,27.6M,United States,12.4M,528.4K,19.5K
taylorgangent,Wiz Khalifa,Music & Dance,,26.2M,United States,512.2K,17.1K,856
WorldStarHipHopTV,WORLDSTARHIPHOP,Music & Dance,,25.8M,United States,52.3K,1.6K,162
VanossGaming,VanossGaming,Animation,Video games,25.8M,United States,1.1M,52.9K,526
smosh,Smosh,Animation,Humor,25M,United States,221.4K,15.6K,660
TwiNboTzVids,Lucas and Marcus,Animation,Humor,24.7M,United States,749.5K,26K,1.1K
WatchMojo,WatchMojo.com,Movies,,24.6M,United States,71.7K,2.4K,275
LOENENT,1theK (원더케이),,,24.2M,United States,8.5K,639,28
James Charles,James Charles,Beauty,Fashion,24M,United States,947.7K,51.6K,1.9K
postmalone,Post Malone,Music & Dance,,23.9M,United States,184.2K,13K,230
NewOnNetflix,Netflix,Movies,Animation,23.8M,United States,276.9K,8.4K,452
Chloe Ting,Chloe Ting,Fitness,Health & Self Help,23.6M,United States,545.9K,24.4K,854
ColdplayVEVO,Coldplay,Music & Dance,,23.2M,United States,74.3K,7K,121
JellyYT,Jelly,Video games,,22.8M,United States,250.6K,14.9K,541
EnriqueIglesiasPlay,Enrique Iglesias,Music & Dance,,22.8M,United States,24.5K,2.2K,96
THECHAINSMOKERS,The Chainsmokers,Humor,,22.2M,United States,77.6K,5.3K,263
siavideos,Sia,Music & Dance,,21.5M,United States,126.7K,9.1K,715
TEDtalksDirector,TED,,,21.3M,United States,32.8K,1K,135
AmericasGotTalent,America's Got Talent,,,21.2M,United States,890.4K,15.8K,582
oRugrat,FaZe Rug,Video games,Humor,21.2M,United States,3.2M,115.9K,6K
Tasty,Tasty,Food & Drinks,,21M,United States,97.3K,3.3K,147
SSundee,SSundee,Video games,,20.8M,United States,2M,122.8K,3.4K
FGTeeV,FGTeeV,Animation,Video games,20.8M,United States,1.4M,16.6K,1.7K
PrestonPlayz,Preston,Animation,Video games,20.4M,United States,2.6M,145.3K,5.8K
BuzzFeedVideo,BuzzFeedVideo,Daily vlogs,,20.4M,United States,40.2K,845,71
BeckyGOfficial,Becky G,Music & Dance,,20.3M,United States,27.2K,2.8K,52
NationalGeographic,National Geographic,,,20.2M,United States,45.9K,1.1K,106
Brave Wilderness,Brave Wilderness,,,20.2M,United States,1.1M,34.5K,4.1K
TheFineBros,REACT,Humor,,20.2M,United States,126.4K,4.5K,292
VEVO,Vevo,Music & Dance,,20M,United States,94.4K,773,40
LazarBeam,LazarBeam,Video games,,20M,United States,4.2M,178.2K,7.2K
rossbollinger,Pencilmation,Animation,Humor,19.8M,United States,325K,3.8K,94
Mnet,Mnet K-POP,Music & Dance,Animation,19.7M,United States,20K,1.7K,94
Brent Rivera,Brent Rivera,Animation,Humor,19.4M,United States,5.2M,359.2K,10.9K
gottalentglobal,Got Talent Global,,,19.2M,United States,102.5K,882,48
gordonramsay,Gordon Ramsay,Food & Drinks,Health & Self Help,19.2M,United States,140.4K,4.4K,249
MARVEL,Marvel Entertainment,Movies,Animation,19.2M,United States,587.1K,31.9K,1.2K
Infinite,Infinite,Video games,Humor,19M,United States,774.9K,33.7K,2.7K
The ACE Family,The ACE Family,Humor,,18.8M,United States,923K,39.1K,1.7K
NBA,NBA,Sports,,18.8M,United States,62.2K,2.1K,110
JimmyKimmelLive,Jimmy Kimmel Live,Movies,,18.8M,United States,171.6K,3.3K,222
LankyBox,LankyBox,Video games,,18.5M,United States,629.4K,11.1K,330
icreateddisco,Calvin Harris,Music & Dance,,18.4M,United States,371.8K,13.1K,261
Unbox Therapy,Unbox Therapy,Science & Technology,,18.2M,United States,1.1M,20.1K,2.5K
Ninja Kidz TV,Ninja Kidz TV,Video games,,18.2M,United States,793.9K,18.8K,1.3K
CookieSwirlC,CookieSwirlC,Video games,,18M,United States,328.6K,4.1K,560
PDKFilms,PDK Films,Movies,Animation,18M,United States,510.2K,18.1K,1.2K
Мирошка ТВ,Мирошка ТВ,,,18M,United States,15.7K,96,10
TheOdd1sOut,TheOdd1sOut,Movies,Animation,17.8M,United States,1.3M,119.3K,1.6K
Vsauce,Vsauce,Science & Technology,,17.8M,United States,0,N/A',N/A'
therealdemilovato,Demi Lovato,Music & Dance,,17.8M,United States,82.9K,8.2K,197
rhettandlink2,Good Mythical Morning,Food & Drinks,,17.6M,United States,910.7K,30.6K,996
Matroix,Ali-A,Video games,,17.6M,United States,822.9K,31.9K,1.8K
The Royalty Family,The Royalty Family,Humor,,17.5M,United States,3.3M,115.8K,N/A'
Beast Reacts,Beast Reacts,,,17.5M,United States,9.7M,356.6K,9K
officialpsy,officialpsy,Music & Dance,,17.1M,United States,2.1M,75.3K,1.9K
HowToBasic,HowToBasic,Food & Drinks,,17.1M,United States,253.3K,27.2K,2.3K
TEDEducation,TED-Ed,Science & Technology,,16.9M,United States,339K,13.7K,509
Guava Juice,Guava Juice,,,16.8M,United States,180K,4.5K,234
JasonDerulo,Jason Derulo,Music & Dance,,16.7M,United States,61.6K,3.8K,65
IGNentertainment,IGN,Movies,Animation,16.6M,United States,47.5K,1.1K,111
Jane ASMR 제인,Jane ASMR 제인,Daily vlogs,,16.6M,United States,332.8K,7.8K,439
jeffreestar,jeffreestar,Beauty,,16.1M,United States,820.6K,27.4K,2.2K
monstafluffmusicTV,7clouds,Music & Dance,,16.1M,United States,104.6K,2.1K,126
MatthewPatrick13,The Game Theorists,Science & Technology,,15.9M,United States,3.8M,239.7K,11.7K
DopeLyrics,DopeLyrics,Music & Dance,,15.9M,United States,36.4K,932,71
failarmy,FailArmy,Animation,Humor,15.9M,United States,1.7M,20.1K,752
Camila Cabello,Camila Cabello,Music & Dance,Movies,15.9M,United States,512.7K,28.7K,1.2K
Dhar Mann,Dhar Mann,Health & Self Help,,15.9M,United States,6.3M,127.4K,6.5K
queenofficial,Queen Official,Music & Dance,,15.8M,United States,82.6K,4.2K,381
vice,VICE,News & Politics,,15.7M,United States,360.2K,7.5K,1.2K
PitbullMusic,Pitbull,Music & Dance,,15.7M,United States,2.8M,5.9K,5.1K
marquesbrownlee,Marques Brownlee,Science & Technology,,15.7M,United States,1.7M,81.3K,3.4K
movieclipsTRAILERS,Movieclips Trailers,Movies,Animation,15.6M,United States,58.1K,1.2K,104
RomanAtwoodVlogs,Roman Atwood Vlogs,Humor,,15.5M,United States,410.9K,19.7K,974
MegatoadStonie,Matt Stonie,Food & Drinks,,15.5M,United States,520.3K,24.9K,290
KSIOlajidebtHD,JJ Olatunji,Animation,Video games,15.3M,United States,4M,301.7K,8.5K
TheRichest,TheRichest,News & Politics,,15.1M,United States,17.5K,573,53
SAM SMITH,SAM SMITH,,,14.9M,United States,28.6K,2.2K,56
kwebbelkop,Kwebbelkop,Animation,Video games,14.9M,United States,44K,1.9K,195
Reaction Time,Reaction Time,Animation,Humor,14.9M,United States,34.1K,2.5K,132
With Kids[위드키즈],With Kids[위드키즈],,,14.9M,United States,98.4K,N/A',N/A'
5-Minute Crafts FAMILY,5-Minute Crafts FAMILY,,,14.9M,United States,22.4K,243,12
TalkingFriends,Talking Tom & Friends,Animation,Humor,14.9M,United States,0,N/A',N/A'
Lachlan,Lachlan,Video games,,14.9M,United States,654K,28.3K,1.1K
RiotGamesInc,League of Legends,Movies,Animation,14.8M,United States,416.1K,15.7K,642
IISuperwomanII,Lilly Singh,Animation,Humor,14.7M,United States,25.3K,1.2K,44
LEGO,LEGO,Animation,,14.7M,United States,19.6K,246,N/A'
LinusTechTips,Linus Tech Tips,Science & Technology,,14.7M,United States,1.4M,68.7K,3.3K
MattyBRaps,MattyBRaps,Music & Dance,,14.5M,United States,132.9K,2K,N/A'
collegehumor,CollegeHumor,Humor,,14.5M,United States,182.7K,12.5K,629
chadwildclay,Chad Wild Clay,Movies,Humor,14.4M,United States,1.7M,27.5K,2.7K
MartinGarrix,Martin Garrix,Music & Dance,,14.3M,United States,43.4K,5.6K,262
OfficialTrapCity,Trap City,Music & Dance,,14.2M,United States,32.2K,1.6K,76
PlayStation,PlayStation,,,14.2M,United States,38K,1.1K,139
CNN,CNN,Music & Dance,Animation,14.1M,United States,163.4K,2.5K,2.3K
NikkieTutorials,NikkieTutorials,Design/art,Beauty,13.9M,United States,313.7K,19.7K,1.4K
Zach King,Zach King,Movies,Humor,13.9M,United States,699.9K,35K,1.2K
Zach Choi ASMR,Zach Choi ASMR,Daily vlogs,,13.9M,United States,548.8K,25.4K,954
MrBeast Shorts,MrBeast Shorts,Daily vlogs,,13.9M,United States,25.1M,2.3M,8.6K
Daily Dose Of Internet,Daily Dose Of Internet,Animals & Pets,,13.9M,United States,6.5M,309K,9.3K
Unspeakable,Unspeakable,Video games,Humor,13.9M,United States,5M,84.7K,4.8K
WWWengie,Wengie,DIY & Life Hacks,,13.7M,United States,157K,10K,449
alanalan9635,Stokes Twins,Humor,,13.7M,United States,10.2M,502.6K,19.6K
UFC,UFC - Ultimate Fighting Championship,Sports,Fitness,13.7M,United States,103.7K,2K,281
crashcourse,CrashCourse,Science & Technology,,13.5M,United States,24.6K,1.2K,42
ChallengeAcceptedInc,Aphmau,Animation,Video games,13.5M,United States,3M,74.1K,4.1K
RosannaPansino,Rosanna Pansino,Food & Drinks,DIY & Life Hacks,13.5M,United States,612.3K,14.2K,374
Kurt Hugo Schneider,Kurt Hugo Schneider,,,13.5M,United States,41.9K,1.3K,40
AzzyLand,AzzyLand,Animation,,13.5M,United States,217.8K,7.9K,532
FAPtivi,FAPTV,Animation,Humor,13.3M,United States,2M,38.6K,794
H2ODelirious,H2ODelirious,Animation,Video games,13.3M,United States,125.8K,7.9K,193
AtlanticVideos,Atlantic Records,Music & Dance,,13.2M,United States,13.5K,499,19
The LaBrant Fam,The LaBrant Fam,Music & Dance,Humor,13.1M,United States,910.5K,28.8K,N/A'
theRadBrad,theRadBrad,Video games,,13.1M,United States,165.4K,9.6K,520
ABCNews,ABC News,News & Politics,,13.1M,United States,5.4K,77,78
Jake Fellman,Jake Fellman,,,13.1M,United States,396.8K,15.8K,112
Hongyu ASMR 홍유,Hongyu ASMR 홍유,ASMR,,13M,United States,1.1M,15.7K,494
SaturdayNightLive,Saturday Night Live,Movies,Humor,12.9M,United States,716.6K,13.3K,638
MattSDance,Matt Steffanina,Music & Dance,,12.9M,United States,84.8K,4.3K,105
The Q,The Q,,,12.9M,United States,43.6K,2K,54
PrestonPlayz,PrestonPlayz,Video games,,12.9M,United States,2M,46.2K,2.2K
MrSuicideSheep,MrSuicideSheep,,,12.9M,United States,78.8K,3.7K,73
typicalgamer,Typical Gamer,Video games,,12.9M,United States,521.9K,12.4K,331
DALLMYD,Scuba Jake,Mystery,,12.9M,United States,534.2K,20K,803
MstrJames,Hacksmith,Video games,,12.7M,United States,123.9K,5.2K,305
JDCav24,ATHLEAN-X™,Fitness,Health & Self Help,12.7M,United States,304.8K,13.9K,806
1032010814,TKOR,DIY & Life Hacks,,12.6M,United States,82.8K,2.4K,211
PowerfulJRE,PowerfulJRE,Daily vlogs,,12.6M,United States,1M,16.3K,4K
MusicTalentNow,Top Viral Talent,,,12.5M,United States,7.8K,201,10
JesseAndMike,JesseAndMike,,,12.5M,United States,256.9K,3.1K,113
Blossom,Blossom,,,12.5M,United States,36.1K,878,16
TalkingAngelaCat,Talking Angela,,,12.5M,United States,70.7K,866,N/A'
React,People Vs Food,Food & Drinks,,12.5M,United States,467.8K,18.4K,798
RayWilliamJohnson,Ray William Johnson,Animation,Humor,12.3M,United States,2.5M,248.4K,1.5K
Meghan Trainor,Meghan Trainor,Music & Dance,,12.3M,United States,11.6K,538,40
elliegoulding,elliegoulding,,,12.3M,United States,0,N/A',N/A'
rebeccazamolo1,Rebecca Zamolo,Video games,Humor,12.3M,United States,3.9M,82.9K,5.7K
Brawl Stars,Brawl Stars,Animation,,12.3M,United States,1M,60.8K,3.1K
Daniel LaBelle,Daniel LaBelle,,,12.2M,United States,14.7M,794.6K,1.9K
1veritasium,Veritasium,Science & Technology,,12.1M,United States,4M,173K,9.8K
JustForLaughsTV,Just For Laughs Gags,,,12.1M,United States,43.3K,904,39
Zhong,Zhong,,,12.1M,United States,3.4M,224.4K,2.1K
Kylie Jenner,Kylie Jenner,Fashion,,12.1M,United States,1.5M,N/A',2.6K
FIFATV,FIFA,Sports,,12M,United States,57.2K,1.6K,57
colinfurze,colinfurze,DIY & Life Hacks,,11.9M,United States,2.8M,159.3K,7.1K
Davie504,Davie504,Music & Dance,Animation,11.9M,United States,716.6K,72.6K,1.1K
Ice Cream Rolls,Ice Cream Rolls,,,11.9M,United States,108K,3K,130
TTfue,Tfue,Video games,,11.9M,United States,150.6K,7K,281
TheInfographicsShow,The Infographics Show,Education,,11.9M,United States,334.2K,8.9K,754
TheDodoSite,The Dodo,Animals & Pets,,11.8M,United States,366.6K,15.5K,688
Americanvogue,Vogue,Fashion,,11.7M,United States,291.6K,14.5K,231
Kluna Tik,Kluna Tik,,,11.7M,United States,232.9K,3.1K,208
MSA previously My Story Animated,MSA previously My Story Animated,Animation,Humor,11.6M,United States,6.2M,177.5K,6.6K
Natti Natasha,Natti Natasha,Movies,,11.5M,United States,48K,4.1K,83
MTV2,Wild 'N Out,Music & Dance,Humor,11.5M,United States,224.8K,5.6K,176
CrazyRussianHacker,CrazyRussianHacker,Animation,Toys,11.5M,United States,63.5K,1.8K,78
WiederDude,WiederDude,,,11.5M,United States,1.7M,38.7K,523
VyQwaint,Vy Qwaint,Video games,Humor,11.4M,United States,2.1M,36.5K,5K
jordanmatter,Jordan Matter,Music & Dance,Humor,11.4M,United States,8.2M,190.7K,12.8K
123 GO!,123 GO!,Humor,,11.3M,United States,425.7K,4.2K,104
CaptainSparklez,CaptainSparklez,Video games,,11.3M,United States,46.7K,4.7K,137
UnspeakableGaming,UnspeakableGaming,Video games,,11.3M,United States,93.7K,3.2K,106
YoungBoy Never Broke Again,YoungBoy Never Broke Again,Music & Dance,,11.3M,United States,7.9M,291.6K,20.3K
办公室小野 Ms Yeah,办公室小野 Ms Yeah,,,11.3M,United States,106.1K,6.8K,34
blackeyedpeasvideo,Black Eyed Peas,Music & Dance,,11.3M,United States,16.7K,1.2K,48
whoisjimmy,How Ridiculous,Sports,,11.3M,United States,6M,256.8K,1.1K
yogawithadriene,Yoga With Adriene,Fitness,,11.3M,United States,271K,8.6K,423
BBCEarth,BBC Earth,Animals & Pets,,11.3M,United States,75.4K,2K,119
crackrockcandy,Maymo,,,11.3M,United States,260.7K,908,50
realannoyingorange,Annoying Orange,Animation,,11.3M,United States,205.2K,4.1K,423
FirstWeFeast,First We Feast,Food & Drinks,,11.3M,United States,186.8K,8.1K,462
epicfortnite,Fortnite,Video games,,11.2M,United States,193.6K,8.7K,342
Avocado Couple I Crazy Comics,Avocado Couple I Crazy Comics,,,11.1M,United States,457.5K,3.9K,80
watchcut,Cut,Humor,,11.1M,United States,377.1K,16.8K,452
RapGeniusVideo,Genius,Music & Dance,,11.1M,United States,103.2K,4.5K,149
ExplosmEntertainment,ExplosmEntertainment,Movies,Animation,11M,United States,242.5K,17.3K,338
Quantum Tech HD,Quantum Tech HD,,,11M,United States,1.8M,9.9K,185
DemolitionRanch,DemolitionRanch,Video games,,11M,United States,1.4M,74.9K,6.1K
comedycentral,Comedy Central,Humor,,11M,United States,13.6K,556,29
SMOL,SMOL,,,10.9M,United States,372K,14.3K,13
FilmTheorists,The Film Theorists,Movies,,10.9M,United States,1.8M,95.9K,4.4K
Doja Cat,Doja Cat,Music & Dance,,10.8M,United States,468.2K,46.3K,2.3K
Taylor RS,Taylor RS,,,10.8M,United States,108.2K,626,16
Slogomanify,Slogo,Video games,,10.7M,United States,380.1K,17.3K,561
cbstvdinsideedition,Inside Edition,News & Politics,,10.7M,United States,213.9K,5.4K,610
doctruyencotich,Kênh Thiếu Nhi - BHMEDIA,Music & Dance,,10.7M,United States,16.3K,61,N/A'
Mrwhosetheboss,Mrwhosetheboss,Science & Technology,,10.7M,United States,2.6M,160.1K,15.7K
Dobre Brothers,Dobre Brothers,Movies,Humor,10.7M,United States,344.2K,15.1K,302
stampylonghead,stampylonghead,Video games,,10.7M,United States,116.8K,5.5K,861
penguinz0,penguinz0,Animation,Video games,10.7M,United States,1.1M,52.1K,2.9K
GoProCamera,GoPro,Sports,,10.7M,United States,37.1K,1.6K,54
Nao FunFun,Nao FunFun,Daily vlogs,,10.6M,United States,7.8K,41,N/A'
NichLmao,NichLmao,Daily vlogs,,10.6M,United States,5.6M,472.8K,2.6K
Lofi Girl,Lofi Girl,Music & Dance,,10.6M,United States,342.6K,11.4K,533
WarnerBrosPictures,Warner Bros. Pictures,Movies,,10.6M,United States,3.7M,13.6K,1.2K
Google,Google,,,10.6M,United States,15.5K,430,56
BuzzFeedYellow,As/Is,Fashion,Design/art,10.6M,United States,20.9K,784,36
ChillStepNation,Chill Nation,Music & Dance,,10.6M,United States,40.4K,859,41
soicon295,Magnet World,,,10.5M,United States,23.9K,228,9
redbull,Red Bull,Sports,,10.5M,United States,72.9K,1.9K,41
Primitive Technology,Primitive Technology,DIY & Life Hacks,,10.5M,United States,1.4M,97.6K,3.5K
Cris Devil Gamer,Cris Devil Gamer,Movies,Animation,10.5M,United States,282.7K,14.4K,439
destinws2,SmarterEveryDay,Science & Technology,,10.5M,United States,3M,113.4K,8.2K
BE AMAZED,BE AMAZED,Education,,10.5M,United States,294.8K,9.2K,584
CJENMMUSIC,Stone Music Entertainment,Music & Dance,Movies,10.5M,United States,6.7K,534,24
HISHEdotcom,How It Should Have Ended,Movies,Animation,10.3M,United States,275.6K,15.7K,505
Ben Azelart,Ben Azelart,Video games,Humor,10.3M,United States,7.1M,171.9K,17.1K
AsapSCIENCE,AsapSCIENCE,Science & Technology,,10.3M,United States,236.8K,16.4K,704
historychannel,HISTORY,Movies,,10.3M,United States,56.6K,1K,101
cleanbandit,Clean Bandit,Music & Dance,,10.1M,United States,120.7K,3.8K,162
5-Minute Crafts LIKE,5-Minute Crafts LIKE,,,10.1M,United States,16.3K,157,5
Patty Mayo,Patty Mayo,Movies,Humor,10.1M,United States,159K,8K,450
MTV,MTV,Music & Dance,,10.1M,United States,7.6K,351,27
NASAtelevision,NASA,News & Politics,Science & Technology,10.1M,United States,92K,3.7K,N/A'
Survival Builder,Survival Builder,,,10.1M,United States,180.9K,3.3K,116
singkingkaraoke,Sing King,Music & Dance,,10M,United States,17.3K,168,17
familyfunpack,Family Fun Pack,,,10M,United States,89.7K,1.8K,164
barcroftmedia,truly,News & Politics,,10M,United States,51.2K,N/A',307
joycetanner,QPark,Music & Dance,Humor,9.9M,United States,0,N/A',N/A'
Talent Recap,Talent Recap,Music & Dance,Movies,9.9M,United States,76.6K,944,74
BestCodComedy,BCC Gaming,Video games,,9.9M,United States,10.7K,379,13
OneRepublic,OneRepublic,Music & Dance,,9.9M,United States,314.1K,15.3K,351
The Daily Show with Trevor Noah,The Daily Show with Trevor Noah,News & Politics,,9.9M,United States,231.3K,6.2K,424
htv2channel,Vie Channel - HTV2,Music & Dance,,9.9M,United States,20.5K,209,5
buzzfeedblue,BuzzFeed Multiplayer,,,9.8M,United States,9.2K,317,25
설기양SULGI,설기양SULGI,ASMR,Food & Drinks,9.8M,United States,822.6K,21.9K,586
[햄지]Hamzy,[햄지]Hamzy,,,9.8M,United States,2.8M,52.3K,1.2K
Prince Royce,Prince Royce,Music & Dance,,9.8M,United States,0,N/A',N/A'
TheSyndicateProject,Syndicate,Video games,,9.7M,United States,107.9K,4.5K,740
Larva2011ani,Larva TUBA,,,9.7M,United States,23.8K,548,25
The Voice Global,The Voice Global,Music & Dance,,9.7M,United States,227.8K,3.9K,72
bgfilms,Babish Culinary Universe,Food & Drinks,,9.7M,United States,577.4K,26K,968
InquisitorMaster,InquisitorMaster,Animation,Video games,9.7M,United States,645.9K,20.3K,2K
Doctor Mike,Doctor Mike,Health & Self Help,,9.6M,United States,1.7M,98.9K,5.3K
SerbianGamesBL2,Life Hacks & Experiments,,,9.6M,United States,94K,377,31
FoxNewsChannel,Fox News,News & Politics,,9.6M,United States,113.9K,4.2K,1.1K
Stray Kids,Stray Kids,Daily vlogs,,9.6M,United States,494.8K,74.6K,2.6K
ehbeefamily,The Bee Family,Humor,,9.6M,United States,102.6K,6.7K,120
Psych2GoTv,Psych2Go,ASMR,Health & Self Help,9.5M,United States,119.1K,8.2K,812
Power Vision,Power Vision,,,9.5M,United States,137.3K,1.3K,39
POPSVIETNAM,POPS MUSIC,Music & Dance,,9.5M,United States,4.6K,144,5
Niki and Gabi,Niki and Gabi,Fashion,Humor,9.5M,United States,387.6K,17.8K,516
Corridor,Corridor,Animation,,9.5M,United States,1.9M,141.6K,4.7K
JoshDub,JoshDub,Animation,Humor,9.5M,United States,713.6K,35.4K,1.2K
jhaschak,Haschak Sisters,Music & Dance,Humor,9.4M,United States,2.3M,14.8K,655
JoeyGraceffa,Joey Graceffa,Animals & Pets,Humor,9.4M,United States,311.1K,23.8K,1.5K
Grandpa Kitchen,Grandpa Kitchen,Food & Drinks,,9.4M,United States,101.1K,6.5K,217
SAS-ASMR,SAS-ASMR,,,9.4M,United States,165.8K,6K,204
MrMuselk,Muselk,Video games,,9.4M,United States,197K,9.3K,414
NFL,NFL,Sports,,9.4M,United States,64.7K,1.5K,157
TeamMojang,Minecraft,Video games,,9.4M,United States,510.2K,31.8K,2K
Thơ Nguyễn,Thơ Nguyễn,Music & Dance,Animation,9.3M,United States,185.5K,2.4K,106
Troom Troom SELECT,Troom Troom SELECT,Movies,Animation,9.3M,United States,254.8K,2.9K,52
ehbeefamily,The Bee Family,Humor,,9.6M,United States,102.6K,6.7K,120
Psych2GoTv,Psych2Go,ASMR,Health & Self Help,9.5M,United States,119.1K,8.2K,812
Power Vision,Power Vision,,,9.5M,United States,137.3K,1.3K,39
POPSVIETNAM,POPS MUSIC,Music & Dance,,9.5M,United States,4.6K,144,5
Niki and Gabi,Niki and Gabi,Fashion,Humor,9.5M,United States,387.6K,17.8K,516
Corridor,Corridor,Animation,,9.5M,United States,1.9M,141.6K,4.7K
JoshDub,JoshDub,Animation,Humor,9.5M,United States,713.6K,35.4K,1.2K