Rank,name,instagram name,Category_1,Category_2,followers,country,Eng. (Auth.),Eng. (Avg.)
1,leomessi,Leo Messi,Sports with a ball,Family,409.8M,Argentina,17.8M,23.4M
2,cristiano,Cristiano Ronaldo,Sports with a ball,,523M,India,11.7M,14.7M
3,neymarjr,NJ ğŸ‡§ğŸ‡·,Sports with a ball,,198.9M,Brazil,6.7M,9.5M
4,kyliejenner,Kylie ğŸ¤,Fashion,Modeling,376.3M,United States,2.7M,4.3M
5,kendalljenner,Kendall,Modeling,Fashion,268M,United States,3.2M,5M
6,arianagrande,Ariana Grande,Music,,345.9M,United States,2.5M,3.4M
7,selenagomez,Selena Gomez,Photography,Music,365.4M,United States,2.2M,2.9M
8,kimkardashian,Kim Kardashian,Fashion,Beauty,337.4M,United States,1.8M,2.6M
9,k.mbappe,Kylian MbappeÌ,Sports with a ball,,90.4M,France,6M,8.4M
10,taylorswift,Taylor Swift,Music,,236.5M,Brazil,2.3M,3M
11,thv,V,Music,,53.8M,South Korea,12M,12M
12,virat.kohli,Virat Kohli,Sports with a ball,,228.8M,India,2.5M,2.8M
13,lalalalisa_m,LISA,Music,,85.7M,Indonesia,5.6M,6.4M
14,kourtneykardash,Kourtney Kardashian Barker,Lifestyle,,205.6M,United States,1.4M,2M
15,billieeilish,BILLIE EILISH,Music,,107.5M,United States,2.9M,3.8M
16,agustd,SUGA of BTS ë¯¼ìœ¤ê¸°,Lifestyle,Music,41.4M,,9.5M,9.5M
17,justinbieber,Justin Bieber,Music,,270M,Brazil,1M,1.4M
18,jennierubyjane,J,Music,,72.3M,Indonesia,4.4M,5.2M
19,therock,Dwayne Johnson,Fitness & Gym,Art/Artists,355.2M,India,761.2K,976.3K
20,iamcardib,Cardi B,Music,Fashion,144.9M,United States,1.6M,2.3M
21,karolg,KAROL G,Music,,58M,Mexico,4.3M,5.2M
22,jin,Jin of BTS,Music,,42.2M,United States,6.6M,6.6M
23,instagram,Instagram,Photography,,579.8M,India,375.1K,466.4K
24,mileycyrus,Miley Cyrus,Music,,189.8M,United States,998.2K,1.3M
25,uarmyhope,jhope,Art/Artists,Music,42.4M,South Korea,5.9M,5.9M
26,badbunnypr,,Music,,44.5M,United States,3.6M,5.7M
27,sooyaaa__,JISOOğŸ¤,Music,Beauty,66.7M,Indonesia,3.3M,3.8M
28,bts.bighitofficial,BTS official,Music,,69.6M,Indonesia,2.9M,3.3M
29,khaby00,Khaby Lame,Sports with a ball,,80.3M,India,2M,2.7M
30,aliaabhatt,Alia Bhatt ğŸ’›,Cinema & Actors/actresses,,73.5M,India,2.2M,2.7M
31,rkive,RM,Lifestyle,Music,40.4M,Ethiopia,4.6M,4.6M
32,milliebobbybrown,Millie Bobby Brown,Cinema & Actors/actresses,,60.5M,Brazil,2.4M,3M
33,jlo,Jennifer Lopez,Music,Cinema & Actors/actresses,229.3M,United States,571.7K,725.2K
34,travisscott,flame,Music,,47.6M,United States,2.1M,3.1M
35,harrystyles,,Music,Fashion,47.9M,United States,2.2M,3M
36,kingjames,ğŸ‘‘,Sports with a ball,,139.4M,United States,643.4K,1M
37,karimbenzema,Karim Benzema,Sports with a ball,,63.2M,France,1.5M,2.2M
38,champagnepapi,champagnepapi,Music,,126.3M,United States,587K,998.8K
39,dualipa,DUA LIPA,Music,,87.6M,United States,1.1M,1.4M
40,anushkasharma,AnushkaSharma1588,Cinema & Actors/actresses,,61.7M,India,1.8M,2M
41,dlwlrma,á„‹á…µá„Œá…µá„€á…³á†· IU,Art/Artists,,28.4M,South Korea,3.5M,4.2M
42,jennaortega,Jenna Ortega,Cinema & Actors/actresses,Lifestyle,23.8M,United States,3.5M,4.9M
43,eunwo.o_c,ì°¨ì€ìš°,Music,Lifestyle,31.6M,Indonesia,3.1M,3.6M
44,noahschnapp,Noah Schnapp,Cinema & Actors/actresses,,27.4M,Brazil,3.2M,4.1M
45,antonelaroccuzzo,Antonela Roccuzzo,Modeling,Family,23.7M,Argentina,2.8M,4.6M
46,narendramodi,Narendra Modi,Finance & Economics,Business & Careers,71.3M,India,1.3M,1.5M
47,georginagio,Georgina RodriÌguez,Lifestyle,Fashion,40.4M,India,1.8M,2.5M
48,oliviarodrigo,Olivia Rodrigo,Music,Cinema & Actors/actresses,28.9M,United States,2.8M,3.5M
49,nasa,NASA,Science,Photography,86M,India,931.9K,1.1M
50,realmadrid,Real Madrid C.F.,Sports with a ball,,129.4M,Spain,516.6K,720.5K
51,virginia,Virginia Fonseca Costa,Shows,Lifestyle,41.6M,Brazil,1.4M,2.2M
52,actorleeminho,á„‹á…µá„†á…µá†«á„’á…© leeminho,Cinema & Actors/actresses,,31.5M,Indonesia,2.3M,2.9M
53,paulodybala,Paulo Dybala,Sports with a ball,,51M,Argentina,1.1M,1.8M
54,adele,Adele,Music,,51M,United States,1.3M,1.8M
55,haileybieber,Hailey Rhode Baldwin Bieber,Lifestyle,Modeling,49.6M,United States,1.3M,1.7M
56,gigihadid,Gigi Hadid,Modeling,Lifestyle,76.4M,United States,752.1K,1.1M
57,jongsuk0206,ì´ì¢…ì„,Cinema & Actors/actresses,,24.6M,Indonesia,2.5M,3.2M
58,sadiesink_,Sadie Sink,Modeling,Lifestyle,25.4M,Brazil,2.2M,3.1M
59,shraddhakapoor,Shraddha âœ¶,Cinema & Actors/actresses,,76.9M,India,851.7K,989.1K
60,gal_gadot,Gal Gadot,Cinema & Actors/actresses,,92.3M,United States,629K,813.1K
61,vinijr,Vinicius Jr. âš¡ï¸ğŸ‡§ğŸ‡·,Sports with a ball,Lifestyle,28.1M,Brazil,1.5M,2.6M
62,bellahadid,Bella ğŸ¦‹,Modeling,,56.6M,United States,799.4K,1.3M
63,katrinakaif,Katrina Kaif,Beauty,,69.3M,India,882.2K,1M
64,richarlison,Richarlison,Sports with a ball,Lifestyle,20.1M,Brazil,1.9M,3.5M
65,real__pcy,EXO_CY,Music,,23.9M,Indonesia,2.4M,3M
66,luisitocomunica,Luisillo El Pillo,Humor & Fun & Happiness,Clothing & Outfits,32.9M,Mexico,1.6M,2.1M
67,shakira,Shakira,Music,,77.9M,United States,647.1K,884.1K
68,theweeknd,The Weeknd,Music,,46.5M,United States,1.1M,1.4M
69,fcbarcelona,FC Barcelona,Sports with a ball,,114.8M,Indonesia,414.9K,584.5K
70,blakelively,Blake Lively,Cinema & Actors/actresses,,37M,United States,1.2M,1.8M
71,iamsrk,Shah Rukh Khan,Cinema & Actors/actresses,,33.5M,India,1.6M,2M
72,rashmika_mandanna,Rashmika Mandanna,Beauty,Art/Artists,35.6M,India,1.5M,1.8M
73,ddlovato,Demi Lovato,Music,,144.2M,United States,335.9K,434K
74,mosalah,Mohamed Salah,Sports with a ball,,55M,Indonesia,760.8K,1.1M
75,jenniferaniston,Jennifer Aniston,Cinema & Actors/actresses,,41.1M,Brazil,1M,1.5M
76,danbilzerian,Dan Bilzerian,Cinema & Actors/actresses,,33.6M,India,1.1M,1.8M
77,handemiyy,Hande ErcÌ§el,Cinema & Actors/actresses,,29.2M,Turkey,1.5M,2M
78,meganfox,Megan Fox,Cinema & Actors/actresses,,20.8M,United States,1.6M,2.7M
79,madisonbeer,Madison Beer,Music,,34M,United States,1.2M,1.6M
80,dovecameron,DOVE,Cinema & Actors/actresses,,48.4M,United States,861.4K,1.1M
81,akshaykumar,Akshay Kumar,Cinema & Actors/actresses,,63.6M,India,721K,856.2K
82,blackpinkofficial,BLÎ›Æ†KPIĞ˜K,Music,,51.4M,Indonesia,861.7K,1.1M
83,lilireinhart,Lili Reinhart,Cinema & Actors/actresses,,28.4M,Brazil,1.2M,1.8M
84,chrisbrownofficial,BROWN,Music,,127.3M,United States,264.1K,414.2K
85,championsleague,UEFA Champions League,Sports with a ball,,101.1M,Brazil,371.3K,505.9K
86,bn_sj2013,á„‡á…¡á†¨á„‰á…¥á„Œá…®á†«,Cinema & Actors/actresses,Modeling,23.1M,Indonesia,1.9M,2.2M
87,jairmessiasbolsonaro,Jair M. Bolsonaro,Finance & Economics,Business & Careers,25.7M,Brazil,1.5M,2.1M
88,davidbeckham,David Beckham,Family,Sports with a ball,76.4M,India,497.3K,664.6K
89,priyankachopra,Priyanka,Cinema & Actors/actresses,,84.1M,India,541.8K,607.9K
90,niallhoran,Niall Horan,Music,,30.9M,United States,1.1M,1.6M
91,chrishemsworth,Chris Hemsworth,Cinema & Actors/actresses,,56.1M,India,687.3K,885.4K
92,deepikapadukone,Deepika Padukone,Cinema & Actors/actresses,,70.5M,India,527.2K,688.1K
93,lelepons,Lele Pons,Music,,50.3M,Mexico,615.6K,958.7K
94,vindiesel,Vin Diesel,Cinema & Actors/actresses,,84.8M,Brazil,433K,558.8K
95,tchalamet,TimotheÌe Chalamet,Cinema & Actors/actresses,,18.1M,United States,1.6M,2.6M
96,robertdowneyjr,Robert Downey Jr.,Cinema & Actors/actresses,,53.9M,India,687.8K,861.1K
97,dishapatani,disha patani (paatni) ğŸ¦‹,Cinema & Actors/actresses,Lifestyle,55.5M,India,674.2K,830.3K
98,ester_exposito,Ester ğŸŒ™,Cinema & Actors/actresses,,28.5M,Mexico,1.1M,1.6M
99,zacefron,Zac Efron,Cinema & Actors/actresses,,56.6M,United States,542.4K,786.1K
100,charlidamelio,charli,Lifestyle,Shows,48.7M,United States,786.6K,908.7K
101,angeldimariajm,AÌngel Di MariÌa,Sports with a ball,,23.2M,Argentina,1.3M,1.9M
102,iamzlatanibrahimovic,Zlatan IbrahimoviÄ‡,Sports with a ball,,57.1M,Italy,481.7K,760.9K
103,luissuarez9,Luis SuÃ¡rez,Sports with a ball,,45.5M,Brazil,614.5K,949.3K
104,michaelbjordan,Michael B. Jordan,Cinema & Actors/actresses,,19.3M,United States,1.5M,2.2M
105,yawnzzn,YEONJUN,,,11.7M,India,2.8M,3.6M
106,oohsehun,SEHUN,Music,,23.3M,Indonesia,1.4M,1.7M
107,6ix9ine,,Music,,21.6M,United States,1.1M,1.9M
108,433,433,Sports with a ball,,58.2M,Spain,404.8K,672.1K
109,jasonstatham,Jason Statham,Cinema & Actors/actresses,,31.8M,India,845.8K,1.2M
110,lewishamilton,Lewis Hamilton,Racing Sports,,31M,Brazil,833.1K,1.2M
111,jacquelinef143,Jacqueline Fernandez,Cinema & Actors/actresses,,64.4M,India,472.1K,574.9K
112,_jeongjaehyun,Jaehyun,,,13.1M,Indonesia,2.3M,2.8M
113,hardikpandya93,Hardik Himanshu Pandya,Sports with a ball,,24.4M,India,1.2M,1.4M
114,chrisevans,Chris Evans,Cinema & Actors/actresses,,18.3M,United States,1.6M,1.9M
115,kimberly.loaiza,KIM LOAIZA ğŸ–¤,Clothing & Outfits,Lifestyle,36.6M,Mexico,797.9K,963.1K
116,achrafhakimi,Achraf Hakimi,Sports with a ball,,14.4M,Morocco,1.7M,2.5M
117,realstraykids,Stray Kids,Music,,23.6M,Indonesia,1.2M,1.5M
118,_rl9,Robert Lewandowski,Sports with a ball,,31.7M,Poland,889.4K,1.1M
119,theestallion,Megan Thee Stallion,Music,,30.1M,United States,660.2K,1.2M
120,rohitsharma45,Rohit Sharma,Sports with a ball,Lifestyle,26.1M,India,1.2M,1.3M
121,maluma,MALUMA,Music,,62.9M,Italy,353.9K,544.6K
122,marcelotwelve,Marcelo Vieira,Sports with a ball,,60.3M,Spain,367.5K,546.2K
123,jichangwook,ì§€ì°½ìš±,Cinema & Actors/actresses,,22.5M,Indonesia,1.2M,1.5M
124,katyperry,KATY PERRY,Music,,184.6M,Brazil,135.8K,175.2K
125,henrycavill,Henry Cavill,Cinema & Actors/actresses,,23.2M,Brazil,1.1M,1.4M
126,lucyhale,Lucy Hale,Cinema & Actors/actresses,,24.6M,United States,984.1K,1.3M
127,tyga,T-Raww,Music,,37.7M,United States,565.2K,845K
128,pewdiepie,PewDiePie,Computers & Gadgets,,21.7M,United States,1.2M,1.5M
129,hi_high_hiy,á„’á…ªá†¼á„‹á…µá†«á„‹á…§á†¸,Cinema & Actors/actresses,,15.1M,South Korea,1.7M,2M
130,rodridepaul,Rodrigo De Paul,Sports with a ball,,10.6M,Argentina,1.6M,2.9M
131,sergioramos,Sergio Ramos,Sports with a ball,,54.5M,Spain,389.4K,561.1K
132,rohittt_09_,ğ‘ğ¨ğ¡ğ¢ğ­ ğ™ğ¢ğ§ğ£ğ®ğ«ğ¤ğ ~ ğ«ğğšğœğ­ğ¢ğ¨ğ§ğ›ğ¨ğ¢ ğŸ’«,Shows,Lifestyle,24.8M,India,880.4K,1.2M
133,kritisanon,Kriti,Modeling,,51.9M,India,504.2K,587.7K
134,finnwolfhardofficial,Finn Wolfhard,Music,Cinema & Actors/actresses,25.9M,Brazil,884.6K,1.2M
135,hrithikroshan,Hrithik Roshan,Cinema & Actors/actresses,,44.6M,India,528.3K,667.7K
136,beingsalmankhan,Salman Khan,Cinema & Actors/actresses,Art/Artists,56.1M,India,415K,529.8K
137,sidhu_moosewala,Sidhu Moosewala (à¨®à©‚à¨¸à©‡ à¨†à¨²à¨¾),Lifestyle,,11.7M,India,2.2M,2.6M
138,saraalikhan95,Sara Ali Khan,Cinema & Actors/actresses,,41.4M,India,582.6K,710.7K
139,bizarrap,BZRP,Music,,15.7M,Argentina,1.5M,1.9M
140,sza,SZA,Music,,13.8M,United States,1.3M,2.1M
141,hi_songjoongki,á„‰á…©á†¼á„Œá…®á†¼á„€á…µ songjoongki official,Cinema & Actors/actresses,,10.4M,Indonesia,1.9M,2.8M
142,miakhalifa,Mia K.,Fitness & Gym,Lifestyle,27.7M,India,652K,1M
143,mrbeast,MrBeast,Shows,Humor & Fun & Happiness,21.7M,United States,974.4K,1.3M
144,cznburak,Burak OÌˆzdemir,Food & Cooking,,42.3M,Turkey,499.5K,676.7K
145,songkang_b,á„‰á…©á†¼á„€á…¡á†¼,,,15M,Mexico,1.4M,1.9M
146,eumirellasantos,Mirella Santos,Modeling,,12.2M,Brazil,1.2M,2.4M
147,juliaanalvarez,JuliaÌn AlvarezğŸ•·,Sports with a ball,,9.1M,Argentina,1.7M,3.2M
148,nehakakkar,Neha Kakkar (Mrs. Singh),Music,,73M,India,330.8K,386K
149,lukamodric10,Luka Modric,Sports with a ball,,26.9M,Spain,712.9K,1M
150,natgeo,National Geographic,Nature & landscapes,Science,250.3M,United States,88.2K,112.3K
151,juliaanalvarez,JuliaÌn AlvarezğŸ•·,Sports with a ball,,9M,Argentina,1.7M,3.2M
152,rosalia.vt,LA ROSALIÌA,Music,,23.1M,Spain,914.8K,1.2M
153,thedeverakonda,Vijay Deverakonda,Cinema & Actors/actresses,,17.7M,India,1.4M,1.6M
154,melissamelmaia,MEL MAIA ğŸ¯,Music,,16.4M,Brazil,915.8K,1.7M
155,jacksonwang852g7,Jackson Wang,Music,,30.8M,China,741.1K,884.3K
156,jannatzubair29,Jannat Zubair Rahmani,Cinema & Actors/actresses,,45.2M,India,519.6K,599.4K
157,emi_martinez26,Emi Martinez,Lifestyle,Sports with a ball,10.1M,United Kingdom,1.8M,2.7M
158,strangerthingstv,Stranger Things Netflix,Cinema & Actors/actresses,Shows,22.2M,Brazil,903.4K,1.2M
159,erling.haaland,Erling Braut Haaland,Lifestyle,Sports with a ball,21.6M,Brazil,820.8K,1.2M
160,carlinhosmaiaof,Carlinhos MaiağŸŒ»,Lifestyle,,26.4M,Brazil,552.1K,1M
161,emmawatson,Emma Watson,Literature & Journalism,Cinema & Actors/actresses,68.8M,United States,279K,379.6K
162,camila_cabello,camila,Music,,65.8M,Brazil,326.1K,392.6K
163,lanarhoades,Lana Rhoades,Lifestyle,Modeling,16.6M,United States,943K,1.5M
164,eminem,Marshall Mathers,Cinema & Actors/actresses,Music,37.5M,United States,514K,679.2K
165,na.jaemin0813,JAEMIN,,,10.7M,Indonesia,1.9M,2.4M
166,addisonraee,Addison Rae,Beauty,,39.5M,United States,434.9K,637.9K
167,luvadepedreiro,Iran Ferreira,Family,Sports with a ball,20.1M,Brazil,754.5K,1.3M
168,dojacat,Doja Cat,Music,,25M,United States,738.3K,1M
169,emilia_clarke,,Cinema & Actors/actresses,,27.1M,India,726.4K,922.6K
170,pablogavi,GAVI,Sports with a ball,,12M,Spain,1.4M,2.1M
171,tinistoessel,LaTripleT,Music,,19.6M,Argentina,950.4K,1.3M
172,viihtube,Viih Tube,Cinema & Actors/actresses,,25.6M,Brazil,502.5K,947.8K
173,ursulolita,UÌrsula CorberoÌ âœ¨,Cinema & Actors/actresses,Modeling,23M,Brazil,707.1K,1M
174,skuukzky,á„‰á…®á†½á„‹á…µ  ğŸ’„ğŸ’…ğŸ‘¡ğŸ‘ ğŸ€ğŸ‘™ğŸŒ‚ğŸ‘—ğŸŒ‚ğŸ€ğŸ’‹ğŸ’Œ,Clothing & Outfits,Music,18.1M,Indonesia,1.1M,1.3M
175,banksy,Banksy,Art/Artists,,11.9M,United States,1.5M,2M
176,sydney_sweeney,Sydney Sweeney,Lifestyle,Cinema & Actors/actresses,14.5M,United States,860.5K,1.6M
177,hazardeden_10,Eden Hazard,Sports with a ball,,27.2M,Indonesia,529.1K,865.3K
178,imhyoseop,ì•ˆíš¨ì„­,Lifestyle,,9.7M,Indonesia,2.1M,2.4M
179,stephencurry30,Wardell Curry,Sports with a ball,Family,47.8M,United States,380.8K,477.2K
180,kapilsharma,Kapil Sharma,Cinema & Actors/actresses,Shows,43.8M,India,456.9K,520.7K
181,seonho__kim,á„€á…µá†·á„‰á…¥á†«á„’á…©,,,8.4M,Indonesia,2.2M,2.8M
182,leedongwook_official,ì´ë™ìš± (Official_Instagram),Cinema & Actors/actresses,,15.1M,Indonesia,1.1M,1.5M
183,anitta,Anitta ğŸ¤,Music,,63.5M,Brazil,182.3K,340.1K
184,paulpogba,Paul Labile Pogba,Sports with a ball,,56M,United Kingdom,218K,378.4K
185,samantharuthprabhuoffl,Samantha,Beauty,Modeling,24.3M,India,727.1K,871K
186,carryminati,ğ‘¨ğ’‹ğ’†ğ’š ğ‘µğ’‚ğ’ˆğ’‚ğ’“,Computers & Gadgets,Machinery & Technologies,16.5M,India,1.1M,1.3M
187,loganpaul,Logan Paul,Fitness & Gym,,24.6M,United States,644.8K,860.3K
188,alluarjunonline,Allu Arjun,Cinema & Actors/actresses,,19.8M,India,912.3K,1.1M
189,zkdlin,KAI,Music,,14.2M,Indonesia,1.2M,1.5M
190,psg,Paris Saint-Germain,Sports with a ball,,64.4M,Brazil,180.4K,322.8K
191,alidaei,Ali Daei,Sports with a ball,,11.3M,Iran,1.1M,1.9M
192,madelame,Madelaine Petsch,Cinema & Actors/actresses,,25.4M,Russia,584.2K,817.4K
193,lizgillz,Elizabeth Gillies,Music,Cinema & Actors/actresses,14.2M,Mexico,994.1K,1.4M
194,aliiiiiiiikarimi8,Ali Karimi,Sports with a ball,,14.4M,Iran,952.8K,1.4M
195,sabrinacarpenter,Sabrina Carpenter,Music,,28.1M,Brazil,584.8K,717.6K
196,juliette,Juliette,Cinema & Actors/actresses,,32.5M,Brazil,368.8K,622.2K
197,bbrightvc,bright,Cinema & Actors/actresses,,16.8M,Indonesia,996.2K,1.2M
198,momo,ëª¨ëª¨ (MOMO),Lifestyle,,9.3M,Turkey,1.5M,2.2M
199,liluzivert,Lil Uzi Vert,Music,,16.9M,United States,632.2K,1.2M
200,offsetyrn,OFFSET,Music,,20.8M,United States,526.9K,944.5K
201,offsetyrn,OFFSET,Music,,20.8M,United States,526.9K,944.5K
202,willsmith,Will Smith,Cinema & Actors/actresses,Music,62.6M,United States,256.9K,313.3K
203,kunaguero,Sergio Leonel AguÌˆero,Sports with a ball,,25.8M,Argentina,433.7K,751K
204,domelipa,domelipa,Lifestyle,,20.7M,Mexico,761.2K,927.6K
205,iambeckyg,Becky G,Music,,34.6M,United States,433K,548.5K
206,anushkasen0408,Anushka Sen,Cinema & Actors/actresses,,39M,India,417.7K,487.7K
207,awez_darbar,Awez Darbar,Shows,Cinema & Actors/actresses,26.4M,India,596.4K,714.7K
208,emmachamberlain,emma chamberlain,Lifestyle,Shows,16.2M,United States,751.4K,1.2M
209,juanpazurita,Juanpa Zurita,Cinema & Actors/actresses,,31.3M,Mexico,417.7K,594.5K
210,mclomaofficial,Paloma Santos ğŸŸ,Music,,12.3M,Brazil,886.9K,1.5M
211,bambam1a,BamBam,Music,,17.1M,Brazil,864.6K,1.1M
212,lilbaby,,Music,,21.2M,United States,473.8K,873.1K
213,vancityreynolds,Ryan Reynolds,Cinema & Actors/actresses,,47.1M,United States,292K,384.3K
214,nike,Nike,Fitness & Gym,Shopping & Retail,252.3M,United States,56.1K,72.8K
215,renebaebae,IRENE,Lifestyle,Modeling,10.9M,Indonesia,1.4M,1.7M
216,do0_nct,Doyoung,Lifestyle,,10.8M,Indonesia,1.3M,1.6M
217,maisa,+A,Music,,45.8M,Brazil,284K,386.4K
218,jamesrodriguez10,James RodriÌguez,Sports with a ball,,50.2M,Colombia,235.2K,348.7K
219,urvashirautela,Urvashi Rautela,Cinema & Actors/actresses,,60.3M,India,246.6K,291K
220,enhypen,ENHYPEN,Lifestyle,,11.3M,Indonesia,1.3M,1.6M
221,shahidkapoor,Shahid Kapoor,Cinema & Actors/actresses,,37M,India,416.3K,471.7K
222,onyourm__ark,Mark,Lifestyle,,9.9M,Indonesia,1.4M,1.8M
223,ronaldo,Ronaldo,Sports with a ball,,26.3M,Brazil,401.6K,661.7K
224,nayeonyny,ë‚˜ì—° (NAYEON),Lifestyle,,9.2M,Brazil,1.6M,1.9M
225,emrata,Emily Ratajkowski,Modeling,,29.7M,United States,355.6K,567.8K
226,brunamarquezine,Bruna Marquezine,Cinema & Actors/actresses,,43.6M,Brazil,223.9K,386.9K
227,camimendes,camila mendes,Cinema & Actors/actresses,,27.2M,Brazil,443.4K,614.6K
228,iansomerhalder,iansomerhalder,Cinema & Actors/actresses,,23.8M,United States,465.8K,696.2K
229,brunomars,Bruno Mars,Music,,26.9M,Brazil,403.5K,611.5K
230,riaricis1795,RICIS,Lifestyle,,32.7M,Indonesia,415.7K,494.3K
231,varundvn,VarunDhawan,Cinema & Actors/actresses,,44.9M,India,293.3K,357.4K
232,prattprattpratt,Chris Pratt,Cinema & Actors/actresses,,40.1M,United States,304K,398.1K
233,holyhaein,ì •í•´ì¸,Lifestyle,Music,10.6M,Indonesia,1.2M,1.5M
234,larasilva,Lara Silva,Shows,Adult content,17.3M,Brazil,582.7K,897.2K
235,m10_official,Mesut OÌˆzil,Sports with a ball,,24.5M,Indonesia,474.5K,629.3K
236,duki,Ya Supiste,Music,,11.5M,Argentina,817.6K,1.3M
237,iamhalsey,halsey,Music,,30.9M,United States,373.1K,491.1K
238,cbum,Chris Bumstead,Fitness & Gym,,11.8M,India,836.4K,1.3M
239,asaprocky,A$AP ROCKY,Music,,15.2M,United States,586K,979K
240,aron.piper,ARONğŸŒœğŸŒ,Music,Lifestyle,13.3M,Brazil,587.1K,1.1M
241,therealcalebmclaughlin,Caleb McLaughlin,Cinema & Actors/actresses,Lifestyle,15.2M,United States,659.3K,968.4K
242,taeoxo_nct,TAEYONG,Lifestyle,Music,10M,Australia,1.3M,1.5M
243,louispartridge_,LouisğŸ’,Cinema & Actors/actresses,,9.2M,United States,1.1M,1.6M
244,attahalilintar,Atta Halilintar - PAPATA,Art/Artists,Shows,25.9M,Indonesia,408.9K,558.8K
245,haileesteinfeld,hailee steinfeld,Cinema & Actors/actresses,,19.9M,United States,569.5K,723K
246,min9yu_k,ê¹€ë¯¼ê·œ,Music,,8.1M,Indonesia,1.5M,1.8M
247,thinkaboutzu,ì¯”ìœ„ (TZUYU),,,9M,India,1.4M,1.6M
248,xeesoxee,á„’á…¡á†«á„‰á…©á„’á…´,Lifestyle,,10.5M,Indonesia,1M,1.4M
249,riyaz.14,Riyaz Aly,Lifestyle,Art/Artists,27.3M,India,402.1K,521.2K
250,pubity,Pubity,Humor & Fun & Happiness,,31.9M,United States,312.9K,442.9K
251,mariliamendoncacantora,Marilia MendoncÌ§a,Music,Lifestyle,41.8M,Brazil,211.1K,339.2K
252,enzojfernandez,Enzo FernaÌndez âš½ï¸,Lifestyle,Sports with a ball,6.2M,Argentina,1.1M,2.3M
253,ememyers,Emma Myers,,,8.5M,United States,1.1M,1.7M
254,hziyech,Hakim Ziyech,Sports with a ball,,9M,Morocco,1.2M,1.6M
255,arigameplays,ARIGAMEPLAYS,Lifestyle,Gaming,11.9M,Mexico,969.9K,1.2M
256,somsomi0309,ENNIK SOMI,Music,,16.2M,Indonesia,705.2K,852.9K
257,samoylovaoxana,Samoylova Oxana,Family,Lifestyle,15.4M,Russia,662K,897.6K
258,krisjenner,Kris Jenner,Shows,Beauty,51M,United States,176.8K,269.1K
259,gatenm123,Gaten Matarazzo,Music,Cinema & Actors/actresses,18.7M,Brazil,551.1K,727.7K
260,iamferv,katteyes,Lifestyle,Art/Artists,11.4M,Mexico,812.7K,1.2M
261,garethbale11,Gareth Bale,Sports with a ball,,48.9M,Indonesia,171.5K,278.1K
262,germangarmendia,GERMAN,Cinema & Actors/actresses,Fitness & Gym,15.2M,Argentina,741K,895.8K
263,fabriziorom,Fabrizio Romano,Literature & Journalism,Shows,11.6M,Italy,672.9K,1.2M
264,trippieredd,555,Music,,13.5M,United States,513.9K,1M
265,bighit_ent,BigHit Music Updates,Music,,12.7M,Indonesia,855.9K,1.1M
266,perrieedwards,Perrie Edwards ğŸ–¤,Modeling,,16.7M,Brazil,571K,806.3K
267,janhvikapoor,Janhvi Kapoor,Lifestyle,Cinema & Actors/actresses,21M,India,535.4K,638.7K
268,iammichelemorroneofficial,Michele Morrone,Lifestyle,Cinema & Actors/actresses,15.7M,Brazil,589.5K,844.6K
269,nusr_et,Nusr_et#Saltbae,Food & Cooking,,49.8M,Turkey,181.5K,267K
270,liampayne,Liam Payne,Music,,24.7M,United States,387.2K,541.6K
271,kendricklamar,Kendrick Lamar,Music,Art/Artists,12.1M,United States,594.8K,1.1M
272,norafatehi,Nora Fatehi,Cinema & Actors/actresses,Music,43.6M,India,245K,301.2K
273,postmalone,,Music,,23M,United States,371.7K,568.1K
274,nina,Nina Dobrev,Cinema & Actors/actresses,,26M,Brazil,346.6K,497.2K
275,soohyun_k216,á„€á…µá†·á„‰á…®á„’á…§á†« Kim Soo Hyun é‡‘ç§€è³¢,,,14.1M,Indonesia,754.5K,919.4K
276,chaeyo.0,ì±„ì˜ (CHAEYOUNG),Lifestyle,,7.6M,Philippines,1.5M,1.7M
277,britneyspears,Channel 8,Music,,41.6M,United States,226.2K,315.9K
278,juandediospantoja,JD PANTOJA ğŸ‡²ğŸ‡½,Music,Art/Artists,23.1M,Mexico,490.4K,559.3K
279,madelyncline,Madelyn Cline,Cinema & Actors/actresses,,12.6M,United States,708.8K,1M
280,antogriezmann,Antoine Griezmann,Sports with a ball,,38M,Spain,208.6K,336.6K
281,taeyeon_ss,TaeYeon,Music,,18.9M,South Korea,554.5K,674.4K
282,keerthysureshofficial,Keerthy Suresh,Beauty,Cinema & Actors/actresses,14.1M,India,824.9K,903.2K
283,yellow_3to3,REN JUN,Lifestyle,Music,6.7M,Indonesia,1.7M,1.9M
284,m.by__sana,ì‚¬ë‚˜ (SANA),Lifestyle,,8.3M,Yemen,1.3M,1.6M
285,marshmello,marshmello,Music,,29.8M,United States,290K,418.9K
286,nct,NCT Official Instagram,Music,,15M,Indonesia,672.9K,834.5K
287,keniaos,Kenia Os,Music,,14.3M,Mexico,669.7K,869.6K
288,phil.coutinho,Philippe Coutinho,Sports with a ball,,25.1M,Brazil,304.3K,494.4K
289,sommerray,Sommer Ray,Modeling,,26.1M,United States,303.5K,475.8K
290,danialves,Daniel Alves,Sports with a ball,,38.4M,Brazil,216.9K,322.6K
291,zefelipecantor,ZeÌ,Music,,25.5M,Brazil,277.4K,487.8K
292,larissamanoela,Larissa Manoela,Cinema & Actors/actresses,,47.9M,Brazil,155.7K,258.2K
293,rauwalejandro,RAULEETO,Music,,15.6M,Spain,539.3K,779.9K
294,alwaysramcharan,Ram Charan,Cinema & Actors/actresses,,10.8M,India,998.2K,1.1M
295,ishowspeed,IShowSpeed,Lifestyle,,7.2M,United Kingdom,1.2M,1.7M
296,clean_0828,á„€á…µá†·á„‰á…¦á„Œá…¥á†¼,Lifestyle,,9M,Indonesia,1.1M,1.4M
297,michelleobama,Michelle Obama,Finance & Economics,Business & Careers,52M,United States,208.4K,233.8K
298,kevinhart4real,Kevin Hart,Cinema & Actors/actresses,,160M,United States,58.3K,75.4K
299,bellapoarch,Bella Poarch,Lifestyle,Music,13.6M,United States,681.9K,881.3K
300,ashishchanchlani,Ashish Chanchlani,Cinema & Actors/actresses,,14.4M,India,676.3K,826.9K
301,jessicah_o,Jessi / á„Œá…¦á„‰á…µ,Music,,12.9M,United States,717.8K,918.3K
302,paulwesley,Paul Wesley,Cinema & Actors/actresses,,12.5M,Brazil,631.1K,943K
303,sophiet,S O P H I E T U R N E R,Cinema & Actors/actresses,,14.7M,United States,594.2K,798.7K
304,daddyyankee,Daddy Yankee,Music,,47M,Argentina,178K,247.9K
305,kevindebruyne,Kevin De Bruyne,Sports with a ball,,19.8M,United Kingdom,376.9K,587.7K
306,greeicy,Greeicy,Shows,Cinema & Actors/actresses,21.7M,Colombia,397.6K,533.5K
307,sidmalhotra,Sidharth Malhotra,Cinema & Actors/actresses,Modeling,21.8M,India,427.9K,532.1K
308,bhuvan.bam22,Bhuvan Bam,Cinema & Actors/actresses,,15.1M,India,615.4K,761.5K
309,johnnyjsuh,Johnny Suh,Lifestyle,Music,9.1M,Indonesia,985.9K,1.3M
310,mr_faisu_07,FAISAL SHAIKH,Modeling,Cinema & Actors/actresses,28.8M,India,315.8K,401.7K
311,heybiblee,á„‹á…µá„‰á…¥á†¼á„€á…§á†¼,Modeling,,14.5M,Indonesia,582.9K,787K
312,mina_sr_my,ë¯¸ë‚˜ (MINA),,,7.1M,Indonesia,1.4M,1.6M
313,josephquinn,Joseph Quinn,Cinema & Actors/actresses,,8.1M,Brazil,1.2M,1.4M
314,m_kayoung,MUN KA YOUNG,Cinema & Actors/actresses,,8.8M,Indonesia,963.5K,1.3M
315,nicki.nicole,,Music,,13.1M,Argentina,573.1K,847.4K
316,xxxibgdrgn,á„€á…¯á†«á„Œá…µá„‹á…­á†¼(æ¬Šå¿—é¾),Photography,Fashion,21.6M,Indonesia,399.4K,506.4K
317,angelrai07,Angel Rai :),Cinema & Actors/actresses,Art/Artists,24.5M,India,371.2K,448.3K
318,9gag,9GAG: Go Fun The World,Humor & Fun & Happiness,,58.1M,Indonesia,146.2K,187K
319,sonu_sood,Sonu Sood,Cinema & Actors/actresses,,20.3M,India,469K,536K
320,sadiomaneofficiel,Sadio Mane,Sports with a ball,,13M,United Kingdom,583.4K,832K
321,cbf_futebol,SeleÃ§Ã£o Brasileira de Futebol,Sports with a ball,,15.7M,Brazil,368.7K,687.2K
322,itzy.all.in.us,ITZY,Music,,18.1M,Indonesia,485.7K,593.7K
323,tigerjackieshroff,Tiger Shroff,Cinema & Actors/actresses,,36.1M,India,244.6K,298K
324,eumarielysantos,Mariely Santos,Music,,8.6M,Brazil,658.7K,1.3M
325,louist91,Louis Tomlinson,Music,,18.4M,Brazil,423.7K,576.6K
326,nattinatasha,NATTI NATASHA,Music,Cinema & Actors/actresses,36.1M,Mexico,244K,293K
327,avneetkaur_13,Avneet Kaur Official,Cinema & Actors/actresses,,32.7M,India,275.4K,322.2K
328,jacobelordi,Jacob Elordi,Cinema & Actors/actresses,,12.9M,Brazil,489.5K,806.8K
329,casemiro,Casemiro,Sports with a ball,,19.1M,Brazil,366.5K,545.7K
330,aespa_official,aespa á„‹á…¦á„‰á…³á„‘á…¡,Music,,9.7M,Indonesia,975.1K,1.1M
331,antony00,Antony Santos,Sports with a ball,,9.6M,Brazil,594.3K,1.1M
332,_zyozyo,JIHYO,Lifestyle,,7.4M,Indonesia,1.1M,1.4M
333,parineetichopra,ğ™¿ğšŠğš›ğš’ğš—ğšğšğšğš’ ğ™²ğš‘ğš˜ğš™ğš›ğšŠ ğŸ«§,Cinema & Actors/actresses,,39.1M,India,226.7K,261.8K
334,kajalaggarwalofficial,Kajal A Kitchlu,Cinema & Actors/actresses,,24.4M,India,342.5K,414K
335,hyunah_aa,Hyun Ah,Music,,18.6M,South Korea,455.7K,539.9K
336,sachintendulkar,Sachin Tendulkar,Sports with a ball,Lifestyle,37.5M,India,223.4K,268K
337,ranveersingh,Ranveer Singh,Cinema & Actors/actresses,Modeling,42.5M,India,181.2K,236K
338,conangray,Conan Gray,Music,,7.2M,United States,1M,1.4M
339,caviarmagnat,Anton Tregubov,Lifestyle,,15.6M,Russia,444.8K,641.8K
340,haechanahceah,HAECHAN,,,5.4M,Indonesia,1.7M,1.9M
341,adidasfootball,adidas Football,Sports with a ball,,32.1M,Brazil,226.7K,309.1K
342,aurelie.hermansyah,Aurelie Hermansyah Atta,Beauty,,29.7M,Indonesia,264K,333.5K
343,mont.pantoja,MONT,,,12.6M,Mexico,661.2K,786.3K
344,lautaromartinez,Lautaro Javier Martinez,Sports with a ball,,8.4M,Italy,765.2K,1.2M
345,kimjuncotton,SUHO,Lifestyle,Music,10.5M,Indonesia,788.6K,940.2K
346,manurios,Manu Rios,Shows,,11.1M,Mexico,522.5K,881.4K
347,c.syresmith,Jaden Smith,Cinema & Actors/actresses,Lifestyle,19.4M,United States,325.3K,503.3K
348,anuel,â€œREAL HASTA LA MUERTEâ€,Music,,30.2M,Spain,212.8K,324.1K
349,coldplay,Coldplay,Music,,20.4M,Brazil,343.4K,478.3K
350,lilnasx,dumb,Music,,12.3M,United States,464.3K,776.9K
351,hero_ft,Hero Fiennes Tiffin,Cinema & Actors/actresses,Modeling,7.6M,Brazil,790.9K,1.3M
352,jy_piece,ì •ì—° (JEONGYEON),,,6.1M,Brazil,1.3M,1.6M
353,charlieputh,Charlie Puth,Music,,17.3M,United States,386K,547.7K
354,saythename_17,SEVENTEEN,Music,,10.7M,Indonesia,792.8K,891.8K
355,realbarbarapalvin,Barbara Palvin,Modeling,Fashion,18.6M,Russia,375.2K,506.4K
356,for_everyoung10,ì¥ì›ì˜ WONYOUNG,Lifestyle,,6.5M,China,1.3M,1.5M
357,jakepaul,Jake Paul,Cinema & Actors/actresses,,21.5M,United States,261.9K,437.7K
358,ibaillanos,Ibai,Art/Artists,,8.3M,Spain,794.8K,1.1M
359,_imyour_joy,Joy,Lifestyle,,14.4M,Indonesia,542.2K,648.3K
360,mcdanieloficiall,Mc Daniel,Family,,8M,Brazil,441.3K,1.2M
361,fedez,FEDEZ,Music,,14.5M,Italy,461.5K,642.9K
362,burakozcivit,Burak OÌˆzcÌ§ivit,Cinema & Actors/actresses,,22.6M,Turkey,343K,415.9K
363,mariasbaby,Maria Alice e Maria Flor,,,7.9M,Brazil,572.3K,1.2M
364,dannapaola,Danna Paola,Music,,34.8M,Mexico,184.3K,267.3K
365,leoparedes20,Leandro Paredes,Sports with a ball,,8.2M,Argentina,678K,1.1M
366,yuu_taa_1026,ä¸­æœ¬æ‚ å¤ªã€€YUTA,,,8.8M,Indonesia,813.2K,1.1M
367,leejen_o_423,LEE JENO,,,4.3M,Indonesia,1.8M,2.2M
368,taina,TainaÌ Costa,Music,,16.3M,Brazil,269.4K,562.5K
369,hi_sseulgi,ìŠ¬ê¸° Seulgi,Modeling,,12.7M,Indonesia,573.8K,719.1K
370,sunnyleone,Sunny Leone,Beauty,Cinema & Actors/actresses,54.4M,India,131.8K,168.1K
371,yoona__lim,,Cinema & Actors/actresses,,14.3M,Indonesia,531.8K,635.9K
372,gisele,Gisele BuÌˆndchen,Modeling,Fashion,20.3M,Brazil,302K,448.4K
373,o.dembele7,Ousmane DembÃ©lÃ©,Sports with a ball,,12.8M,Spain,413.4K,706.6K
374,adamweitsman,Adam Weitsman,Business & Careers,,19.6M,Russia,374K,457.8K
375,hakkiakdenizz,hakki akdeniz,Business & Careers,,28.6M,Russia,215.7K,312.7K
376,abdevilliers17,AB de Villiers,Sports with a ball,Lifestyle,19.9M,India,389.5K,449.2K
377,felipeneto,Felipe Neto ğŸ¦‰,Lifestyle,,17M,Brazil,382K,527.9K
378,bellathorne,BELLA,Music,Art/Artists,25.3M,United States,209.4K,350.6K
379,chrissyteigen,chrissy teigen,Shows,Modeling,40.1M,United States,169.4K,221.2K
380,hegdepooja,Pooja Hegde,Cinema & Actors/actresses,,22M,India,347.7K,400.8K
381,tenlee_1001,TEN_+â€¢10,Music,,10.2M,Indonesia,673.9K,862.7K
382,paulolondra,Paulo londra,Music,,13.9M,Argentina,404.9K,632.7K
383,evaluna,Evaluna Montaner de Echeverry,Family,Music,20.9M,Argentina,304K,418.9K
384,houseofhighlights,House of Highlights,Sports with a ball,,38M,United States,126.1K,231K
385,toyajohnson,Antonia â€œToyaâ€ Johnson- Rushing,Literature & Journalism,,11.6M,United States,393K,749.5K
386,angelinajolie,Angelina Jolie,,,14.1M,Brazil,394.2K,684.3K
387,shehnaazgill,Shehnaaz Gill,Cinema & Actors/actresses,Music,13.5M,India,539.5K,662.8K
388,chiaraferragni,Chiara Ferragni âœ¨,Beauty,,28.3M,Italy,205.5K,306.1K
389,wow_kimsohyun,á„€á…µá†·á„‰á…©á„’á…§á†«,Music,Cinema & Actors/actresses,12.5M,Indonesia,603K,693.5K
390,colesprouse,Cole Sprouse,Modeling,,35.3M,United States,186.3K,243.5K
391,frenkiedejong,Frenkie de Jong,Sports with a ball,,11M,Spain,557.7K,778.2K
392,maddieziegler,maddie,Cinema & Actors/actresses,Modeling,13.8M,United States,412.3K,618.1K
393,raffinagita1717,Raffi Ahmad and Nagita Slavina,Shows,,66.1M,Indonesia,88.3K,128.9K
394,mingue.k,ê¹€ë¯¼ê·œ,Lifestyle,Music,6.6M,Indonesia,1.1M,1.3M
395,luisasonza,LUÃSA SONZA,Music,Lifestyle,30.7M,Brazil,175K,277.7K
396,jinyoung_0922jy,ë°•ì§„ì˜,Music,,10M,Indonesia,650.4K,860.6K
397,urstrulymahesh,Mahesh Babu,Cinema & Actors/actresses,,9.4M,India,828.3K,911.5K
398,dahhyunnee,ë‹¤í˜„ (DAHYUN),Music,,6.9M,Brazil,1.1M,1.2M
399,pozevidalouca,Poze Do Rodo ğŸ¤‘,Lifestyle,,9.9M,Brazil,344.7K,863.5K
400,prillylatuconsina96,Prilly Latuconsina,Cinema & Actors/actresses,Music,50.4M,Indonesia,117.9K,166.1K
401,lestykejora,Lestikejora,Music,,26.9M,Indonesia,240.8K,312.5K
402,lomon991111,Lomon 991111,,,5.9M,India,1.2M,1.4M
403,ananyapanday,Ananya ğŸ’›ğŸ’«,Cinema & Actors/actresses,,24.1M,India,301.5K,343.9K
404,lucaspaqueta,Lucas PaquetaÌ,Sports with a ball,Family,8.9M,Brazil,544.7K,936.9K
405,rizkybillar,Muhammad Rizky Billar,Shows,Beauty,12.7M,Indonesia,509.9K,660.5K
406,rodrygogoes,Rodrygo Goes - RG âš¡ï¸ğŸ‡§ğŸ‡·,Lifestyle,Sports with a ball,9.7M,Brazil,567.7K,861.8K
407,gusein.gasanov,Ğ“Ğ£Ğ¡Ğ•Ğ˜Ì†Ğ Ğ“ĞĞ¡ĞĞĞĞ’,Shows,,23.4M,Russia,236.3K,352.5K
408,kehlani,Kehlani,Music,Family,14.5M,United States,361.2K,562.7K
409,wwiinn_7,WINWIN,,,7.7M,Indonesia,928.4K,1.1M
410,bretmanrock,Bretman (Da Baddest) Rock,Art/Artists,Beauty,18.5M,United States,258.8K,435.6K
411,imcryansp,GORDIN BOLOLO ğŸ«¶ğŸ½,Lifestyle,,6.4M,Brazil,537.5K,1.3M
412,wi__wi__wi,á„‹á…±á„’á…¡á„Œá…®á†« Wi Ha Jun,Lifestyle,Music,10.4M,South Korea,643.7K,774.9K
413,joeyking,Joey King,Music,Cinema & Actors/actresses,18.8M,Brazil,294.8K,422K
414,yasmine_sabri,Yasmine Sabri,Cinema & Actors/actresses,Lifestyle,20M,Egypt,283.7K,394.8K
415,gusttavolima,ğŸ› Gusttavo Lima ğŸ›,Music,,43.9M,Brazil,108.5K,179.5K
416,ncentineo,Noah,Cinema & Actors/actresses,,16.3M,Brazil,287K,477.2K
417,kiaraaliaadvani,KIARA,Cinema & Actors/actresses,,26.2M,India,262.2K,297.5K
418,madhuridixitnene,Madhuri Dixit,Music,Cinema & Actors/actresses,33.9M,India,199.4K,230.6K
419,marcusrashford,Marcus Rashford MBE,Sports with a ball,,13.1M,United Kingdom,378.3K,592.9K
420,lizasoberano,Liza Soberano,Beauty,Cinema & Actors/actresses,17.6M,Philippines,369.4K,440.3K
421,lilyjcollins,Lily Collins,Cinema & Actors/actresses,,27.1M,Mexico,192.5K,283.3K
422,channingtatum,Channing Tatum,Cinema & Actors/actresses,,16.9M,United States,315.2K,454.4K
423,amauryguichon,Amaury Guichon,Food & Cooking,,10.6M,United States,596.2K,727.1K
424,actorprabhas,Prabhas,Shows,Cinema & Actors/actresses,9.1M,India,764.5K,855.9K
425,maya_hawke,Maya Hawke,Cinema & Actors/actresses,,10.7M,United States,512.7K,709.7K
426,pedri,Pedri GonzÃ¡lez,Sports with a ball,,9.2M,Spain,534.4K,838.1K
427,jasonderulo,Jason Derulo,Music,,21.3M,United States,247.6K,354.2K
428,judebellingham,Jude Bellingham,Lifestyle,Sports with a ball,5.2M,United Kingdom,560.5K,1.5M
429,thiagosilva,Thiago Silva,Sports with a ball,,21.1M,Brazil,212.1K,357.3K
430,annehathaway,Anne Hathaway,Cinema & Actors/actresses,,25.8M,United States,220.1K,290.2K
431,sound_of_coups,COUPS,,,4.9M,Indonesia,1.2M,1.5M
432,pele,PeleÌ,Sports with a ball,,12.3M,Brazil,387.4K,605.2K
433,neslihanatagul,Neslihan AtaguÌˆl DogÌ†ulu,Cinema & Actors/actresses,Modeling,13.7M,Turkey,436.1K,551.1K
434,pugachevmark,Mark Pugachev,Cars & Motorbikes,Luxury,15.6M,Russia,323.9K,476.1K
435,hshq,Harry Styles HQ,Music,Cinema & Actors/actresses,6.9M,United States,618.4K,1.1M
436,cazzu,â™¡ ğ–“ğ–Šğ–“ğ–† á´›Ê€á´€á´á´˜á´€,Music,,10.9M,Argentina,522.3K,669.1K
437,jensenackles,Jensen Ackles,Cinema & Actors/actresses,,10.2M,United States,550K,714.4K
438,joshu_acoustic,Joshua Hong,Music,,5.5M,India,1.1M,1.3M
439,bramastavrl,Verrell Bramasta,Cinema & Actors/actresses,Lifestyle,25.7M,Indonesia,247.8K,281.1K
440,andresiniesta8,Andres Iniesta,Sports with a ball,,40.7M,India,124.4K,176.8K
441,alexandradaddario,alexandra daddario,Cinema & Actors/actresses,,22.8M,India,257.9K,315.2K
442,nba,NBA,Sports with a ball,,73.9M,United States,59.9K,97.1K
443,nba_youngboy,PAIN REAL.ğŸ©¸,Art/Artists,Music,10.7M,United States,358K,686.7K
444,kevinhart4real,Kevin Hart,Cinema & Actors/actresses,,160.8M,United States,34.8K,45.2K
445,camilo,C A M I L O,Music,,27.9M,Argentina,161.6K,256.6K
446,juandam___,JuanDa.,,,5M,Colombia,1.2M,1.4M
447,bigsean,BIGSEAN,Music,Art/Artists,15.8M,United States,246.3K,448.9K
448,hm_son7,Son HeungMin(ì†í¥ë¯¼)ğŸ‡°ğŸ‡·,Sports with a ball,,10.8M,Brazil,404.7K,657.9K
449,kyo1122,Song hyekyo,Cinema & Actors/actresses,,13.5M,Indonesia,408.7K,520.5K
450,polo.capalot,Polo.GğŸ,Music,,10.5M,United States,407.1K,668.9K
451,donya,Donya,Lifestyle,,15.4M,Iran,301.8K,475.2K
452,jheneaiko,JheneÌ Aiko Efuru Chilombo ğŸ”®,Music,,16M,United States,248.1K,435.1K
453,marvel,Marvel Entertainment,Cinema & Actors/actresses,Comics & sketches,67.3M,India,86.5K,102.8K
454,zachking,Zach King,Shows,Humor & Fun & Happiness,24.6M,Indonesia,182.3K,281K
455,arcangel,"HONOR,LEALTAD Y RESPETO.",Music,,14.5M,United States,282.1K,477.3K
456,princeandprincessofwales,The Prince and Princess of Wales,Family,Finance & Economics,14.6M,United States,369.4K,472.6K
457,demetozdemir,Demet OÌˆzdemir,Cinema & Actors/actresses,,15.6M,India,341.5K,435.7K
458,thebursin,Kerem BuÌˆrsin,Cinema & Actors/actresses,,11M,Russia,486.5K,624.6K
459,cocielo,JuÌlio Cocielo Estaniecki,Cinema & Actors/actresses,,20.2M,Brazil,213K,333.4K
460,centralcee,ğŸ“²,Lifestyle,Music,5.5M,United Kingdom,513.4K,1.2M
461,gessicakayane,GKAY,Shows,Humor & Fun & Happiness,20.7M,Brazil,157.6K,324.9K
462,surya_14kumar,Surya Kumar Yadav (SKY),Lifestyle,Family,5.7M,India,910.9K,1.2M
463,faz3,Fazza,Lifestyle,,15.1M,United Arab Emirates,343.2K,448.8K
464,memezar,MEMEZAR â€¢ Comedy and Culture,Cinema & Actors/actresses,,22.5M,United States,178.7K,294.8K
465,klrahul,KL RahulğŸ‘‘,Sports with a ball,,13.4M,India,383.9K,490.5K
466,dra.deolanebezerra,Deolane Bezerra âš–ï¸,Beauty,Lifestyle,15.8M,Brazil,242.2K,439.3K
467,toni.kr8s,Toni Kroos,Sports with a ball,,36.6M,Germany,132.1K,179.5K
468,_mariahwasa,HWASA,Music,,8.4M,Brazil,614.7K,792.9K
469,anyataylorjoy,Anya Taylor-Joy,Modeling,Cinema & Actors/actresses,9.2M,United States,499.5K,719.7K
470,hannahstocking,Hannah Stocking,Modeling,,23.3M,United States,209K,280.4K
471,lucasranngel,LUCAS RANGEL,Lifestyle,,20.5M,Brazil,143.8K,318K
472,canelo,Saul Alvarez,Fitness & Gym,,14.4M,Mexico,339.7K,451.6K
473,kit.connor,Kit Connor,Cinema & Actors/actresses,Humor & Fun & Happiness,4.8M,United States,817.7K,1.4M
474,alvaromorata,AÌlvaro Morata,Sports with a ball,Literature & Journalism,18.9M,Italy,221.1K,341.9K
475,cvillaloboss,CARMEN VILLALOBOS,Shows,Cinema & Actors/actresses,21.3M,Colombia,246.5K,303.9K
476,dqsalmaan,Dulquer Salmaan,Cinema & Actors/actresses,,11.9M,India,398.5K,539.3K
477,mccabelinho,LITTLE HAIR,Lifestyle,Music,7.2M,Brazil,465.2K,913.5K
478,darianrojasc,DARIAN R. C R A W S T O N âœ—,Lifestyle,,7.9M,Mexico,747K,825.9K
479,ronaldinho,Ronaldo de Assis Moreira,Sports with a ball,,69.1M,Brazil,52.7K,91.6K
480,djxiao_888,XIAOJUN,Music,,7.1M,Indonesia,720K,900.5K
481,dntlrdl,CHOIWOOSHIK,Lifestyle,,7.2M,Indonesia,675.6K,884K
482,jadepicon,JADE ğŸŒª,Modeling,Fashion,21.6M,Brazil,135.1K,295.1K
483,serna_amini,Serna Amini,,,9.8M,Iran,497.2K,659.3K
484,miguel.g.herran,Miguel HerraÌn,Cinema & Actors/actresses,,13.3M,Brazil,312.4K,470K
485,lamborghini,Lamborghini,Luxury,Cars & Motorbikes,32.5M,India,139.4K,192.2K
486,bhadbhabie,Bhabie,Music,,16.2M,United States,204.1K,383.1K
487,soueunavida,Sou Eu Na Vida,Humor & Fun & Happiness,,18.1M,Brazil,181.7K,345.1K
488,natashawilona12,Natasha Wilona,Beauty,,40.5M,Indonesia,128.5K,153K
489,fuji_an,Fujianti Utami Putri,Lifestyle,,12M,Indonesia,380.8K,514.4K
490,papugomez_official,Ä±llÄ±llÄ± Papu Gomez  Ä±llÄ±llÄ±,Family,Sports with a ball,6.5M,Italy,645.9K,967K
491,gabigol,Gabriel Barbosa,Sports with a ball,,10.5M,Brazil,389.7K,589.3K
492,ana_d_armas,A N A   D E   A R M A S,Cinema & Actors/actresses,,8.8M,United States,518.7K,701.7K
493,rogerfederer,Roger Federer,Sports with a ball,,11.1M,Spain,437.8K,551.4K
494,anahi,Anahi,Music,Modeling,10.7M,Brazil,328.3K,574.3K
495,mathildtantot,Mathilde,Lifestyle,Modeling,9.8M,United States,410.8K,621.5K
496,raphaelvarane,Raphael Varane,Sports with a ball,,20.4M,Spain,196.8K,295.4K
497,obj,Odell Beckham Jr,Sports with a ball,,16.8M,United States,189K,360K
498,layzhang,Lay Zhang,Music,,14.2M,Indonesia,398.3K,420.9K
499,virgilvandijk,Virgil van Dijk,Sports with a ball,,13.1M,United Kingdom,320.7K,454.4K
500,frenchmontana,French Montana,Music,,34.2M,United States,106.5K,175.5K
501,virgilvandijk,Virgil van Dijk,Sports with a ball,,13.1M,United Kingdom,320.7K,454.4K
502,frenchmontana,French Montana,Music,,34.2M,United States,106.5K,175.5K
503,yerimiese,Yeri,Lifestyle,,10.8M,Indonesia,440.6K,545.8K
504,superstar_dewasi99,SUPERSTARDEWASI 99,Music,Cinema & Actors/actresses,13.6M,India,296.7K,430.9K
505,parishilton,Paris Hilton,Modeling,,21.2M,United States,167.5K,276.1K
506,jenniferwinget1,Jennifer Winget,Cinema & Actors/actresses,,14.2M,India,340.9K,414.6K
507,gianlucavacchi,Gianluca Vacchi,Lifestyle,,22.8M,Brazil,167.5K,258K
508,iscoalarcon,Isco Alarcon Suarez,Sports with a ball,,26.4M,Spain,153.7K,221.7K
509,romeosantos,Romeo Santos,Music,,19.8M,United States,241.4K,297.5K
510,thibautcourtois,Thibaut Courtois,Sports with a ball,,11.7M,Spain,338.5K,492.1K
511,todayis_wendy,Wendy,Lifestyle,Music,7.3M,Indonesia,674.4K,805K
512,ksi,KSI,Music,,12.4M,United Kingdom,331K,464.4K
513,imouniroy,mon,Cinema & Actors/actresses,,25.6M,India,184.5K,224.2K
514,melo,LaMelo Ball,Lifestyle,Music,9.4M,United States,304.2K,618.3K
515,peytonlist,Peyton List,Cinema & Actors/actresses,,20.7M,United States,183.6K,276K
516,yangyang_x2,YangYang á„‹á…£á†¼á„‹á…£á†¼,Music,,6.7M,Indonesia,682.7K,866.5K
517,simonettalein,Simonetta Lein,Beauty,Cinema & Actors/actresses,14.1M,India,294K,404.9K
518,everyone_woo,Wonwoo,Music,,4.1M,Indonesia,1.1M,1.4M
519,liamhemsworth,Liam Hemsworth,Cinema & Actors/actresses,,13M,United States,307K,436.1K
520,kingbach,King Bach,Music,Art/Artists,23.5M,United States,119.7K,239.9K
521,sivakarthikeyan,Sivakarthikeyan Doss,,,5.5M,India,872.8K,1M
522,shaymitchell,Shay Mitchell,Beauty,Family,35M,United States,113.7K,159.4K
523,bugatti,BUGATTI,Cars & Motorbikes,Luxury,17.5M,United States,235.9K,318.8K
524,txt_bighit,TOMORROW X TOGETHER OFFICIAL,,,13.1M,Indonesia,335K,422.7K
525,mterstegen1,Marc ter Stegen,Sports with a ball,,13.8M,Spain,267.5K,402.7K
526,indiancricketteam,Team India,Sports with a ball,,27M,India,175.1K,204.2K
527,deiveleonardo,Deive Leonardo,Literature & Journalism,Trainers & Coaches,12.9M,Brazil,234.1K,430.6K
528,davikah,davikah,Modeling,,17.4M,Thailand,242.5K,314.1K
529,djsnake,djsnake,Music,,10M,India,468.7K,556.6K
530,whinderssonnunes,Whindersson Nunes,Humor & Fun & Happiness,,58.6M,Brazil,61K,94.2K
531,xuminghao_o,The8 ë””ì—ì‡,Music,,5.8M,Indonesia,755.4K,951.8K
532,memphisdepay,Memphis Depay,Sports with a ball,,16.1M,France,190K,336.9K
533,iqbaal.e,Iqbaal Ramadhan,Cinema & Actors/actresses,,13.8M,Indonesia,255.8K,394.6K
534,barbieferreira,barbie ferreira,Music,Cinema & Actors/actresses,6M,United States,502.9K,911.6K
535,21savage,,Music,,14.7M,United States,208.2K,366.1K
536,nicolasotamendi30,Twitter Oficial: @Notamendi30,Sports with a ball,,6.9M,Argentina,469.9K,787.3K
537,winmetawin,Win Metawin O.,Lifestyle,,14.1M,Philippines,337.9K,382.2K
538,ileana_official,Ileana D'Cruz,Cinema & Actors/actresses,,15.7M,India,281K,341.8K
539,sav.labrant,Savannah Rose LaBrant,Family,Lifestyle,7.2M,United States,563.1K,753.1K
540,kjapa,KJ Apa,Cinema & Actors/actresses,,18.2M,United States,204.7K,292.5K
541,charles_leclerc,Charles Leclerc,Racing Sports,,9.7M,Italy,422.7K,561.4K
542,florencepugh,Florence Pugh,Humor & Fun & Happiness,Cinema & Actors/actresses,8.5M,United States,413.3K,631.7K
543,vinniehacker,â€ ,Lifestyle,,5.8M,United States,448.3K,936.6K
544,mancity,Manchester City,Sports with a ball,,37M,Indonesia,112.4K,143.1K
545,quackity,quackity,,,4.4M,United States,1M,1.2M
546,ab,Antonio Brown,Sports with a ball,,12.4M,United States,208.7K,427.6K
547,sofiacarson,Sofia Carson,Music,Cinema & Actors/actresses,20.4M,Brazil,189.2K,256.2K
548,kaka,KakaÌ,Sports with a ball,,19.6M,Brazil,160.9K,266.6K
549,d_a___m_i,KIM DA MI,,,4.7M,Indonesia,906.5K,1.1M
550,tamannaahspeaks,Tamannaah Bhatia,Music,Cinema & Actors/actresses,19.1M,India,243.2K,272.2K
551,leaelui,Lea Elui G,Modeling,Lifestyle,11.2M,India,277.1K,465.4K
552,bocade09,Boca de 09,Lifestyle,,6.8M,Brazil,405.6K,766K
553,snejanaonopka15,Snejana Onopka,Modeling,,11.4M,Russia,386K,462.1K
554,demirose,Demi ğŸŒ¹,Modeling,Lifestyle,19.9M,India,199K,258.9K
555,wesleysafadao,Wesley SafadaÌƒo,Music,,38.3M,Brazil,82.1K,135.2K
556,sugaringcandy,JUNGWOO,,,3.9M,South Korea,1.2M,1.3M
557,7_luhan_m,é¹¿ Han,Music,,12.7M,Indonesia,333.1K,404.5K
558,agnezmo,AGNEZ MO,Music,,29.9M,Indonesia,102.4K,169.9K
559,danielricciardo,Daniel Ricciardo,Racing Sports,,7.7M,United States,499.6K,662.9K
560,kun11xd,KUN,Lifestyle,Music,7.1M,Indonesia,580.4K,724.9K
561,yugyeom,KYUM,Music,Art/Artists,11.8M,Indonesia,388.4K,429K
562,thehughjackman,Hugh Jackman,Cinema & Actors/actresses,,30.7M,United States,144.5K,164K
563,lilpeep,lil peep,Music,,7.7M,United States,394.2K,662.1K
564,dylansprouse,Dylan Sprouse,Cinema & Actors/actresses,,9M,United States,357.2K,560.8K
565,anjimaxuofficially,Anjali Arora,Lifestyle,Cinema & Actors/actresses,12.2M,India,321.8K,410.6K
566,l7nnon,L7,Lifestyle,Art/Artists,10.3M,Brazil,205.5K,487.6K
567,jeonghaniyoo_n,ìœ¤ì •í•œ,Lifestyle,,4.1M,Iran,979.6K,1.2M
568,k.kbeom,á„€á…µá†·á„‡á…¥á†· kimbum,,,5.5M,Indonesia,750.5K,916.1K
569,lukehemmings,Luke Hemmings,Music,,8.1M,United States,367.6K,626.7K
570,sthefanematos,STHE âš“ï¸,Lifestyle,,10.4M,Brazil,210.9K,484.3K
571,lizakoshy,Liza Koshy,Cinema & Actors/actresses,,20.3M,United States,182.3K,242.7K
572,lexibrookerivera,Lexi Rivera,Shows,Humor & Fun & Happiness,8.4M,United States,488.4K,610.7K
573,ahmedabohashima,Ahmed Abouhashima,Business & Careers,Finance & Economics,19.1M,Egypt,191.5K,258.4K
574,nickyjam,NICKY JAM,Music,,43.9M,Spain,81.8K,113.3K
575,srinidhi_shetty,Srinidhi Shetty ğŸŒ¸,Beauty,Cinema & Actors/actresses,4.8M,India,774.3K,1M
576,hztttao,Z.TAOğŸ”´é»„å­éŸ¬,Music,,11.2M,Indonesia,394.7K,439.2K
577,barackobama,Barack Obama,Finance & Economics,Business & Careers,35.5M,United States,117.5K,138.7K
578,amandacerny,Amanda ğ•®ğ–Šğ–—ğ–“ğ–,Humor & Fun & Happiness,,23.5M,India,129.6K,207.8K
579,roberto_firmino,R O B E R T O F I R M I N O,Sports with a ball,,14M,Brazil,235K,349.2K
580,loud_victor,Victor Augusto,Lifestyle,Sports with a ball,10.9M,Brazil,353.2K,450.2K
581,gururandhawa,Guru Randhawa,Music,,33.5M,India,119.4K,146.7K
582,nianaguerrero,Niana,Music,Kids & Toys,14.3M,Indonesia,274K,339.4K
583,alexadellanos,Alexa Dellanos,Lifestyle,,10.2M,United States,303.1K,473.9K
584,machinegunkelly,Mr. Pink,Music,,9.5M,United States,321.4K,516.7K
585,belindapop,Beli,Music,,15.8M,Mexico,213.7K,306.8K
586,smriti_mandhana,Smriti Mandhana,Sports with a ball,,6.9M,India,610.9K,707.6K
587,yasminabdelaziz_,Yasmin Abdelaziz,Cinema & Actors/actresses,,16.3M,Egypt,250.6K,295.8K
588,matue,,Lifestyle,Sports with a ball,8.7M,Brazil,306.2K,562.2K
589,paulwalker,Paul Walker,Cinema & Actors/actresses,,15.6M,India,223.7K,306.4K
590,arishfakhan138,Sayyed Arishfa Khan ğŸ’,Cinema & Actors/actresses,,29.2M,India,135.7K,164.4K
591,alfinetei,Alfinetadas Dos Famosos ğŸ“Œ,Humor & Fun & Happiness,,22.3M,Brazil,97K,217.9K
592,mauroicardi,ğ•„ğ”¸ğ•Œâ„ğ•† ğ•€â„‚ğ”¸â„ğ”»ğ•€,Sports with a ball,,8.8M,Italy,341.9K,550.6K
593,yailinlamasviralreal,Yailin la Mas Viral â™‹ï¸ğŸ§¿,Lifestyle,,6.3M,United States,547.8K,782.8K
594,jin_bighitentertainment,JIN (á„€á…µá†·á„‰á…¥á†¨á„Œá…µá†«) Updates,,,7.8M,Indonesia,541.7K,615.6K
595,maneskinofficial,MaÌŠneskin,Modeling,Music,6.4M,Italy,533.6K,752.6K
596,elrodrigocontreras,RODğŸ¥´,Lifestyle,,12.6M,Mexico,341.4K,375.8K
597,fcbayern,FC Bayern,Sports with a ball,,35.5M,Germany,82.5K,133.3K
598,nct127,NCT 127 Official Instagram,Music,,14.9M,Indonesia,257.3K,316.9K
599,nikolasferreiradm,Nikolas Ferreira ğŸ‡§ğŸ‡·,Lifestyle,Politics,6.1M,Brazil,392.9K,803.4K
600,chelseafc,Chelsea FC,Sports with a ball,,36.8M,Indonesia,84.7K,127.3K
601,jojotodynho,JoJo,Music,,24.6M,Brazil,118.6K,192K
602,valentinazenere,Valentina Zenere,Modeling,Lifestyle,10.7M,Brazil,358.5K,436.5K
603,jokowi,Joko Widodo,Finance & Economics,,49.4M,Indonesia,76K,95.2K
604,annakendrick47,Anna Kendrick,Cinema & Actors/actresses,,22.9M,United States,156.9K,205.4K
605,alishalehmann7,Alisha Lehmann,Sports with a ball,,10.2M,Brazil,241K,453.2K
606,missasinfonia,MissaSinfonia,Cinema & Actors/actresses,,6.3M,Mexico,668.1K,748.3K
607,zoeisabellakravitz,ZoeÌˆ Kravitz,Cinema & Actors/actresses,,8.3M,United States,369K,559.6K
608,brfootball,Bleacher Report Football,Sports with a ball,,13.5M,United States,210.4K,340.2K
609,fifaworldcup,FIFA World Cup,Sports with a ball,,38.5M,India,79.3K,119.6K
610,hadise,Hadise,Music,Shows,14.2M,Turkey,278.5K,325.2K
611,wanda_nara,Wanda nara,Lifestyle,,15.5M,Argentina,191.7K,296.2K
612,thenotoriousmma,Conor McGregor Official,Fitness & Gym,,46.1M,United States,68.5K,99.3K
613,ansufati,Ansu Fati,Sports with a ball,Winter sports,9.5M,Spain,336.1K,486.3K
614,golfarahani,Golshifteh Farahani,Cinema & Actors/actresses,,15.1M,Iran,236.9K,305.3K
615,portugal,Portugal,Sports with a ball,,12.7M,Portugal,261.1K,363K
616,angela_aguilar_,AÌngela Aguilar ğŸ‡²ğŸ‡½,Music,Lifestyle,9.1M,Mexico,417.6K,505.7K
617,dejesusoficial,Gabriel Jesus,Sports with a ball,,20.3M,Brazil,142K,221.2K
618,darshanravaldz,Darshan Raval #TumMere,Music,,15.5M,India,241.5K,291.2K
619,giannis_an34,Giannis Ugo Antetokounmpo,Sports with a ball,,13.9M,United States,213.6K,322.6K
620,malutrevejo,MaluÌ ğ“‚€,Music,,11.5M,United States,217.8K,390.6K
621,hilaryduff,Hilary Duff,Cinema & Actors/actresses,,23.8M,United States,147.8K,188.3K
622,abdu_rozik,Abduroziq Official,Music,Shows,6.5M,Russia,517.1K,689.5K
623,princeroyce,Prince Royce,Music,,14.6M,United States,216.8K,304.1K
624,saharghoreyshiofficialpage,Ø³Ø­Ø± Ù‚Ø±ÙŠØ´Ù‰ Sahar Ghoreyshi,,,11.7M,Iran,273.4K,381.7K
625,lupitanyongo,Lupita Nyong'o,Art/Artists,Cinema & Actors/actresses,10.4M,United States,304.3K,427.1K
626,bronny,,Sports with a ball,Winter sports,6.8M,United States,352.7K,654.9K
627,enriqueiglesias,Enrique Iglesias,Music,Art/Artists,17.8M,India,177.6K,250.6K
628,leonardodicaprio,Leonardo DiCaprio,Cinema & Actors/actresses,,56M,United States,63.5K,79.1K
629,shikhardofficial,Shikhar Dhawan,Sports with a ball,,12.9M,India,297.1K,340.2K
630,victoriajustice,Victoria Justice,Music,Cinema & Actors/actresses,23.3M,United States,138.4K,189.2K
631,_seorina,á„‰á…¥á†¯á„‹á…µá†«á„‹á…¡ sá´‡á´Ê€ÉªÉ´á´€,Lifestyle,Cinema & Actors/actresses,7.2M,South Korea,500.1K,620.6K
632,otabek_muhammadalievich,Otabek Umarov,,,20M,Russia,163.1K,219.1K
633,alok,Alok Petrillo,Music,Art/Artists,28M,Brazil,121.9K,156.1K
634,wizkidayo,BIG WIZğŸ¦…,Music,,16.1M,Nigeria,144.3K,281K
635,fedevalverde,Fede Valverde,Sports with a ball,,8M,Spain,388.7K,551.4K
636,vanessahudgens,ğŸ”®Vanessa HudgensğŸ”®,Cinema & Actors/actresses,,47.9M,United States,54.4K,89.4K
637,nancyajram,Nancy Ajram,Music,,34.1M,Iraq,99.2K,126.7K
638,_shotaroo_,SHOTARO ã‚·ãƒ§ã‚¦ã‚¿ãƒ­ã‚¦,Lifestyle,Music,5.8M,South Korea,642.9K,745.1K
639,ler_chek,Ğ’Ğ°Ğ»ĞµÑ€Ğ¸Ñ Ğ§ĞµĞºĞ°Ğ»Ğ¸Ğ½Ğ°,Lifestyle,Beauty,10.5M,Russia,315.9K,408.7K
640,redvelvet.smtown,Red Velvet Official,Music,Beauty,11.9M,Indonesia,292K,354.8K
641,nita_shilimkar,Nita Shilimkar,Lifestyle,Fashion,12M,India,264K,348.7K
642,afaseleccion,SelecciÃ³n Argentina,Sports with a ball,,10.5M,Argentina,263.7K,396.8K
643,julienco_,! Julian,Lifestyle,Family,6.5M,Germany,514.6K,646K
644,you_r_love,á„€á…µá†·á„‹á…²á„Œá…¥á†¼  KIM YOU JUNG ğŸ‡°ğŸ‡·,,,6.6M,Indonesia,500.2K,639K
645,olamide,OlamideÌ,Music,,10.2M,Nigeria,277.7K,419.2K
646,jackharlow,,Lifestyle,Humor & Fun & Happiness,6.9M,United States,326.8K,609.9K
647,sureshraina3,Suresh Raina,Modeling,,22.1M,India,165.4K,186.6K
648,daquan,Daquan,Humor & Fun & Happiness,,16.5M,United States,162.2K,250.2K
649,trentarnold66,Trent Alexander-Arnold,Lifestyle,Sports with a ball,8.5M,United Kingdom,351.5K,493.8K
650,karelyruiz,Karely Ruiz,Lifestyle,,7.3M,Mexico,456.7K,573.4K
651,yefersoncossio,Yef,Lifestyle,,10.1M,Colombia,296.7K,409.4K
652,eizagonzalez,Eiza Gonzalez,Cinema & Actors/actresses,,7.6M,Mexico,408.8K,545K
653,becaa_barreto,Rebeca ğŸŒ™,Lifestyle,,10.7M,Brazil,269.5K,380.6K
654,_chaechae_1,ê¹€ì±„ì› (CHAEWON),Lifestyle,,3.9M,South Korea,871.7K,1M
655,tannerbuchananofficial,Tanner Buchanan Official,Cinema & Actors/actresses,,4.1M,United States,622.3K,1M
656,tiffanyyoungofficial,tiffany young,Modeling,Fashion,13.5M,Indonesia,240.6K,301.2K
657,amitabhbachchan,Amitabh Bachchan,Cinema & Actors/actresses,,32.2M,India,109.1K,126K
658,aleoliveiracm,AleÌ‚ Oliveira,Humor & Fun & Happiness,,8.6M,Brazil,195K,497K
659,myketowers,MICHAEL,Music,,9.7M,Spain,234.5K,423K
660,adamsandler,Adam Sandler,Cinema & Actors/actresses,,14.8M,United States,213.9K,272K
661,juventus,Juventus,Sports with a ball,,55.9M,India,49.2K,71.8K
662,wizkhalifa,Wiz Khalifa,Music,Art/Artists,39.4M,India,72.9K,102.1K
663,dixiedamelio,dixie,Music,Clothing & Outfits,24.1M,United States,112.7K,165.1K
664,maxverstappen1,Max Verstappen,Racing Sports,,9.5M,United States,334.4K,426.3K
665,subo_m,Subhan Mamedov,Shows,,10.6M,Russia,307.8K,375.8K
666,schwarzenegger,Arnold Schwarzenegger,Cinema & Actors/actresses,Fitness & Gym,22.9M,United States,147.7K,173.5K
667,pledis_boos,ìŠ¹ê´€ SEUNGKWAN,Music,,5M,Indonesia,659.5K,799.9K
668,litkillah,SnipeZğŸ§ª,Music,,8.3M,Argentina,367.6K,484.1K
669,mrunalthakur,Mrunal Thakur,Beauty,Cinema & Actors/actresses,7.4M,India,423.5K,538.5K
670,diljitdosanjh,DILJIT DOSANJH,Cinema & Actors/actresses,,14.3M,India,228.1K,274.7K
671,klaythompson,Klay Thompson,Sports with a ball,Lifestyle,14.1M,United States,192.3K,279.4K
672,fadiljaidi,Fadil Jaidi,Lifestyle,,8.2M,Indonesia,325.3K,489.5K
673,rakulpreet,Rakul Singh,Cinema & Actors/actresses,Modeling,22.6M,India,147.5K,173.5K
674,shivangijoshi18,à¤¶à¤¿à¤µà¤¾à¤‚à¤—à¥€ à¤œà¥‹à¤¶à¥€,Lifestyle,,7.6M,India,437.1K,526K
675,letthelordbewithyou,Scott Disick,Lifestyle,Family,27.9M,United States,92.6K,139.8K
676,joaofelix79,JoaÌƒo FeÌlix,Sports with a ball,Racing Sports,6.2M,Spain,361.2K,635.7K
677,yuzi_chahal23,Yuzvendra Chahal,Lifestyle,Sports with a ball,8.3M,India,389.2K,473.9K
678,tombrady,Tom Brady,Sports with a ball,,13M,United States,170.8K,298.8K
679,adrianalima,Adriana Lima,Modeling,Fashion,15.2M,United States,172.4K,253.5K
680,jordynwoods,HEIR JORDYN,Modeling,Lifestyle,12.6M,United States,161K,304.8K
681,pedroguilherme,Pedro Guilherme,Lifestyle,Sports with a ball,5.5M,Brazil,367.4K,709.4K
682,easportsfifa,EA SPORTS FIFA,Sports with a ball,,28.3M,Spain,80K,134.3K
683,anastasiya_kvitko,AK ğŸ¤,Lifestyle,Modeling,12.4M,United States,251.4K,307.8K
684,tiwasavage,Dr Tiwa Savage âš”ï¸,Lifestyle,Cinema & Actors/actresses,16M,Nigeria,135.2K,239.7K
685,anyageraldine,anya geraldine,Music,,11.4M,Indonesia,194.3K,331.8K
686,dk_is_dokyeom,ë„ê²¸,Lifestyle,Music,4M,Indonesia,832.1K,958.7K
687,vernonline,Vernon ë²„ë…¼,,,5.1M,Japan,569.9K,754.2K
688,dindahw,Dinda Hauw,Cinema & Actors/actresses,,15.2M,Indonesia,164.2K,245.7K
689,princessyahrini,SYAHRINI,Music,,41.2M,Indonesia,68.8K,90.4K
690,jxxvvxxk,á„‹á…µá„Œá…¢á„‹á…®á†¨,,,4.3M,Indonesia,698.4K,877.1K
691,philfoden,Phil Foden,Lifestyle,Sports with a ball,6.3M,United Kingdom,343.5K,601.5K
692,netflixbrasil,Netflix Brasil,Shows,Cinema & Actors/actresses,34.2M,Brazil,63.9K,109.3K
693,onwardwanna,"Javon ""Wanna"" Walton",Lifestyle,Cinema & Actors/actresses,5.9M,United States,384.8K,641K
694,ivetesangalo,Veveta,Music,Shows,35M,Brazil,83.6K,108.1K
695,jessicajane99,Jessica Jane,Shows,Modeling,6.1M,Indonesia,468.6K,618.4K
696,baifernbah,baifernbah,Lifestyle,,11.7M,Indonesia,248.1K,314.1K
697,premierleague,Premier League,Sports with a ball,,61.6M,United Kingdom,38.7K,59.7K
698,weareone.exo,EXO Official,Music,,10M,Indonesia,294K,369K
699,xsqueezie,,Music,Lifestyle,8.1M,France,390.8K,456.9K
700,playstation,PlayStation,Gaming,Computers & Gadgets,29.1M,United States,103.3K,126.3K
701,manchesterunited,Manchester United,Sports with a ball,,60.7M,United Kingdom,35.6K,60.3K
702,neymarjrsiteoficial,Neymar Jr Site,Sports with a ball,Shows,12.1M,Brazil,224.8K,303.5K
703,ellenpompeo,Ellen Pompeo,Cinema & Actors/actresses,Lifestyle,9.9M,Brazil,215.8K,374.1K
704,haifawehbe,Haifa Wehbe,Music,,11M,Iraq,227.7K,333.6K
705,marcoasensio10,Marco Asensio,Sports with a ball,,14.8M,Spain,159.7K,244.9K
706,bleacherreport,Bleacher Report,Sports with a ball,,20.1M,United States,91.6K,180.6K
707,camilaloures,Camila Loures,Shows,,18.7M,Brazil,130.4K,194.4K
708,jailyneojeda,Jailyne Ojeda Ochoa,Modeling,Lifestyle,14.2M,United States,183.7K,255.1K
709,ho5hi_kwon,HOSHI,Lifestyle,,4.3M,Indonesia,654K,850.4K
710,briandadeyanara,BRIANDA ğŸ’–,Lifestyle,,13.8M,Mexico,219.8K,258K
711,alvxaro,ALVARO,Lifestyle,,10.7M,Brazil,134.9K,336.7K
712,thegirljt,JTğŸ˜¸,Music,,6M,United States,222.5K,609.4K
713,wos.ds3,ValentiÌn Oliva,Music,,6.8M,Argentina,348.7K,533.7K
714,manuelneuer,Manuel Neuer,Sports with a ball,,12.2M,Germany,202.9K,291K
715,naileadevora,nai,Lifestyle,Music,5.4M,United States,452.2K,668K
716,sportscenter,SportsCenter,Sports with a ball,Shows,32.5M,United States,60.7K,108.9K
717,dew_jsu,2000,Beauty,Lifestyle,6.7M,Indonesia,440.9K,535.3K
718,valeyellow46,Valentino Rossi,Racing Sports,,14.6M,Indonesia,190.9K,241.6K
719,nobru,Bruno Goes ğŸ­,Machinery & Technologies,Computers & Gadgets,13.9M,Brazil,175.9K,256.3K
720,afrasaracoglu,Afra,Cinema & Actors/actresses,,5.7M,Turkey,504.3K,625.6K
721,vousmevoyez,KRYSTAL,Music,Cinema & Actors/actresses,10.5M,Indonesia,259.6K,336.9K
722,fuckjerry,FUCKJERRY,Humor & Fun & Happiness,,16.7M,United States,163.7K,211.4K
723,salmahayek,Salma Hayek Pinault,Cinema & Actors/actresses,,22.2M,United States,128.6K,159.1K
724,sebastianyatra,Sebastian Yatra,Music,Art/Artists,30M,Argentina,84.3K,117.9K
725,riyadmahrez26.7,RM26,Sports with a ball,,9.7M,Algeria,283.6K,365.4K
726,aliandooo,Aliando Syarief,Music,Cinema & Actors/actresses,17.8M,Indonesia,127.4K,202.9K
727,myriamfares,Myriam Fares,Music,,22.4M,Iraq,115.1K,155.7K
728,arcticmonkeys,Arctic Monkeys,Music,,5.4M,United States,464.5K,653.3K
729,eilirjani,Elton ILIRJANI,Adult content,,10.7M,Albania,224K,323.6K
730,simonemendes,Simone Mendes,Music,,36M,Brazil,76.7K,97K
731,mchariel,MC Hariel,Music,,10.5M,Brazil,165.6K,330.4K
732,rodwave,RodWave,,,6.1M,United States,263.6K,584K
733,tiagopzk,GOTTI A,Music,,5.8M,Argentina,264.4K,602.7K
734,hichasestokes,,Humor & Fun & Happiness,Lifestyle,7.1M,United States,326.6K,489.2K
735,simaria,Simaria,Music,,28.2M,Brazil,84.7K,123.4K
736,sonamkapoor,Sonam Kapoor Ahuja,Fashion,Modeling,34.2M,India,84.9K,100.5K
737,nehasharmaofficial,Neha Sharma ğŸ’«,Cinema & Actors/actresses,,15M,India,199.7K,229.5K
738,jamescharles,James Charles,Beauty,,22.3M,United States,105K,154.5K
739,joelocke03,Joe Locke,Cinema & Actors/actresses,Politics,3.5M,United Kingdom,552.5K,978.6K
740,araikgalstyanmoscowschool,ï¼¡ï¼²ï¼¡ï¼©ï¼«  ï¼§ï¼¡ï¼¬ï¼³ï¼´ï¼¹ï¼¡ï¼® ï¼·ï¼¯ï¼²ï¼¬ï¼¤ ï¼¦ï¼¬ï¼¯ï¼²ï¼©ï¼³ï¼´  ï¼¤ï¼¥ï¼³ï¼©ï¼§ï¼®ï¼¥ï¼²,Beauty,,20M,Turkey,132.8K,172.1K
741,i_nivethathomas,Nivetha Thomas,Cinema & Actors/actresses,,6.5M,India,473.4K,535.4K
742,anupamaparameswaran96,Anupama Parameswaran,Cinema & Actors/actresses,,12.9M,India,241.7K,264.6K
743,f1,FORMULA 1Â®,Racing Sports,,21.6M,Italy,124.5K,157.5K
744,realshadmehr,Shadmehr Aghili,Music,,8.3M,Iran,304.2K,423.7K
745,liverpoolfc,Liverpool Football Club,Sports with a ball,,41.1M,United Kingdom,58.9K,82.6K
746,littlemix,Little Mix,Music,,16.5M,Brazil,152.5K,205.3K
747,chieffkeeffsossa,Chief Keef,Music,,8M,United States,233.7K,432.3K
748,raashiikhanna,Raashii Khanna,Cinema & Actors/actresses,Music,8.8M,India,326.2K,389.2K
749,syifahadjureal,Syifa Hadju,Modeling,,15.8M,Indonesia,172.4K,213.1K
750,kingryan,Ryan Garcia,Fitness & Gym,,9.1M,United States,257.8K,374.2K
751,canyaman,Can Yaman,Cinema & Actors/actresses,Modeling,10.1M,Italy,271.9K,337.7K
752,romanreigns,Joe Anoai aka â€œRoman Reignsâ€,Lifestyle,,6.8M,India,384.5K,498.7K
753,karljacobs,Karl Jacobs,,,4.6M,Brazil,656.2K,731.8K
754,landonorris,Lando Norris,Racing Sports,Cars & Motorbikes,6M,Italy,444.5K,560.4K
755,nct_dream,NCT DREAM OFFICIAL,Music,Modeling,10.9M,Indonesia,271.8K,302.9K
756,baimwong,Baim Wong,Cinema & Actors/actresses,,17.7M,Indonesia,145.9K,186K
757,lacasadepapel,La Casa de Papel,Cinema & Actors/actresses,Shows,12.1M,Brazil,180.5K,271.2K
758,noahbeck,Noah Beck,Sports with a ball,,9M,United States,230K,370.3K
759,elliotpage,,Cinema & Actors/actresses,,6.1M,United States,377.4K,543.9K
760,mohanshakti,Shakti Mohan,Art/Artists,Cinema & Actors/actresses,17M,India,159.8K,191.9K
761,kh1000le,CHENLE ZHONG,Music,,3M,Indonesia,980.8K,1.1M
762,apple,apple,Computers & Gadgets,Photography,29M,India,83.2K,112.5K
763,narins_beauty,â€¢â€¢Narins Beautyâ€¢â€¢,Lifestyle,,9.5M,Iraq,302.1K,353.3K
764,garnacho7,Alejandro Garnacho,Sports with a ball,,3.4M,Spain,530.7K,962.9K
765,yooncy1,ìœ¤ì°¬ì˜ Chan-young Yoon,Lifestyle,,4.8M,South Korea,574.8K,691.4K
766,manelyk_oficial,Manelyk Gonzalez,Music,,15.2M,Mexico,165K,213.1K
767,bowerjamie,á´Šá´€á´Éªá´‡ á´„á´€á´á´˜Ê™á´‡ÊŸÊŸ Ê™á´á´¡á´‡Ê€,Cinema & Actors/actresses,,5.5M,Italy,450.8K,600.7K
768,dean.schneider,Dean Schneider,Animals,,10.2M,United States,235.3K,319.1K
769,ludmilla,LUDMILLA,Music,,28.6M,Brazil,77K,115.3K
770,amadorat,N I C O L E   A M A D O ğŸ‰,Fashion,Lifestyle,8.3M,Mexico,351.8K,393.2K
771,liltjay,TJAYYYY ğŸ–¤,Lifestyle,Music,7.8M,United States,230.2K,422.3K
772,nidhhiagerwal,Nidhhi Agerwal ğŸŒŸ,Gaming,Cinema & Actors/actresses,26.4M,India,101.8K,121.7K
773,avrillavigne,Avril Lavigne,Music,Cinema & Actors/actresses,12M,Brazil,215.6K,268.5K
774,kenzie,kenzie â™¡,Art/Artists,,14.8M,United States,142.8K,217.1K
775,feid,FERXXO,Music,,6M,Colombia,264.6K,547.4K
776,egorkreed,Ğ•Ğ³Ğ¾Ñ€ ĞšÑ€Ğ¸Ğ´ | #HeartBreakKid,Music,,14.6M,Russia,179.5K,220.1K
777,deolaneb_,DEOLANE BEZERRA âš–ï¸,,,6.3M,Brazil,321.4K,515.7K
778,bts_love_myself,LOVE MYSELF,,,7.6M,Indonesia,374.6K,429.6K
779,kanik4kapoor,Kanika Kapoor,Music,Cinema & Actors/actresses,12M,India,223.3K,267.5K
780,lizzobeeating,Lizzo,Music,Lifestyle,13.1M,United States,175K,245.3K
781,harshasai_,Harsha sai,Shows,,3.6M,India,783.6K,891.9K
782,fortnite,Fortnite,Gaming,Computers & Gadgets,25.3M,United States,107K,126.1K
783,samsmith,SAM SMITH,Music,Fashion,14.8M,United States,146.7K,215K
784,irinashayk,irina shayk,Modeling,,20.4M,Russia,112.2K,155.6K
785,rafaeluccman,Rafael Uccman,Lifestyle,Modeling,9.4M,Brazil,171.2K,352.5K
786,andreavaldirisos,ANDREA VALDIRI ğŸ‡¨ğŸ‡´,Lifestyle,Beauty,8.9M,Colombia,256.2K,365.3K
787,auba,Pierre-Emerick Aubameyang,Sports with a ball,,13.6M,Nigeria,158.5K,231.8K
788,tamerhosny,Tamer Hosny,Music,Cinema & Actors/actresses,23.8M,Egypt,109.1K,133.1K
789,oprah,Oprah,Art/Artists,Cinema & Actors/actresses,21.8M,United States,113.4K,145.9K
790,marimaria,Mari Maria,Beauty,,20.5M,Brazil,79.9K,153.9K
791,mariabecerra,Maria Becerra,Music,,10.8M,Argentina,122.6K,290.2K
792,jenaissante,HUH YUNJIN of LE SSERAFIM,,,2.8M,South Korea,921.1K,1.1M
793,vanessalopesr_,Vanessa Lopes,Lifestyle,Music,13.3M,Brazil,72.3K,235.8K
794,kevinroldankr,KR â™› KEVIN ROLDAN,Music,,11M,Mexico,175.3K,283.5K
795,theamitbhadana,Amit Bhadana ( à¤…à¤®à¤¿à¤¤ à¤­à¤¡à¤¼à¤¾à¤¨à¤¾ ),Shows,,8.7M,India,295.6K,362.3K
796,choquei,CHOQUEI,Literature & Journalism,,18.5M,Brazil,54.3K,168.4K
797,lakers,Los Angeles Lakers,Sports with a ball,,20.8M,United States,100.4K,148.5K
798,yihyun_1208,á„Œá…©á„‹á…µá„’á…§á†« cho yihyun,Lifestyle,,5.1M,India,515.2K,608K
799,grantgust,Grant Gustin,Cinema & Actors/actresses,Fashion,7.8M,Brazil,283.2K,401K
800,ewsbdi,ë¡œìš´,,,4.9M,Brazil,467.1K,642.2K
801,theshilpashetty,Shilpa Shetty Kundra,Cinema & Actors/actresses,,27.4M,India,97.6K,112.7K
802,hustlemantherapper,Hustleman ğŸ’«,Lifestyle,,10.2M,United States,272.6K,300.8K
803,aboflah,AboFlah,Humor & Fun & Happiness,,7.5M,Syria,367.5K,421.9K
804,woozi_universefactory,WOOZI,,,4.4M,Indonesia,604.5K,718.5K
805,vivi,Vivi Wanderley ğŸ’šğŸ§¸ğŸ®,Beauty,Lifestyle,14.5M,Brazil,127.8K,210.4K
806,pharrell,ğ’ğğ ğğ… ğ€ ğğ‡ğ€ğ‘ğ€ğğ‡,Music,,14.2M,United States,150.2K,215.1K
807,filiperet,RETCHÃŠ,Lifestyle,Photography,8.1M,Brazil,149.7K,382.5K
808,dababy,KIRK,Music,,21M,United States,89.1K,145.1K
809,taylor_hill,Taylor Hill,Art/Artists,Fashion,21.5M,United States,94.2K,140.5K
810,burcuozberk,Burcu Ã–zberk,Cinema & Actors/actresses,,9.3M,Turkey,256.9K,332.6K
811,martingarrix,Martin Garrix,Music,,15.7M,Mexico,136.5K,192.7K
812,krithi.shetty_official,Krithi Shetty,Beauty,Cinema & Actors/actresses,4.3M,India,599.3K,708.5K
813,chomismaterialgirl,Araya Alberta Hargate,Cinema & Actors/actresses,Lifestyle,11.2M,Thailand,210.8K,268.5K
814,hennessycarolina,HennessyğŸ’‹,Lifestyle,Music,7.8M,United States,214K,389.9K
815,masonmount,Mason Mount,Lifestyle,Winter sports,5.4M,United Kingdom,394.5K,561.3K
816,vickykaushal09,Vicky Kaushal,Lifestyle,Cinema & Actors/actresses,14.6M,India,174.5K,204.8K
817,toniruediger,Antonio RÃ¼diger,Sports with a ball,,5.4M,United Kingdom,360.3K,567.8K
818,min.nicha,MINNIE,Lifestyle,Music,4.8M,China,553.4K,630.6K
819,richforever,Biggest Boss Rick Ross,Music,,16.6M,United States,96.2K,181.4K
820,angeliqueboyer,Angelique Boyer,Shows,Cinema & Actors/actresses,14.5M,Brazil,164.6K,206.7K
821,pokimanelol,pokimane,Lifestyle,Shows,6.1M,United States,374.7K,493.4K
822,wolfiecindy,Cindy Kimberly,Modeling,Lifestyle,7M,United States,259.4K,431.3K
823,klarafgcastanho,KlÃ¥ra CÃ¥stanho,Cinema & Actors/actresses,,7.2M,Brazil,216.8K,419.6K
824,joaogomescantor,ACREDITE ğŸ§¡,Music,Cinema & Actors/actresses,14M,Brazil,78.5K,214.6K
825,dreamwastaken,Dream,,,3.3M,United States,783.1K,917.8K
826,nessabarrett,ness,Lifestyle,Music,7.2M,United States,308.8K,418.3K
827,saweetie,,Cinema & Actors/actresses,,13M,United States,98.9K,230.3K
828,_yujin_an,ì•ˆìœ ì§„ AN YUJIN,Lifestyle,,3.9M,South Korea,723.7K,766.4K
829,officialmahirasharma,Mahira Sharma,Lifestyle,Cinema & Actors/actresses,5.8M,India,429.3K,521.9K
830,kareenakapoorkhan,Kareena Kapoor Khan,Family,Cinema & Actors/actresses,9.9M,India,244.1K,304.6K
831,kaliuchis,,Music,,4.1M,United States,426.6K,736.6K
832,hasbulla.hushetskiy,Hasbulla Magomedov,Lifestyle,,5.4M,Russia,365.3K,552.9K
833,jeremyrenner,Jeremy Renner,Shows,Cinema & Actors/actresses,18.1M,United States,136.6K,163.3K
834,yg_treasure_official,TREASURE (íŠ¸ë ˆì €),Music,,5.9M,Indonesia,401.7K,512.9K
835,priyankaamohanofficial,Priyanka Mohan,Photography,Lifestyle,3.9M,India,671.2K,770.1K
836,ms.sethii,Shilpa Sethi,Modeling,,7.4M,United States,269.9K,407.7K
837,anguscloud,Angus Cloud,Music,,7.6M,United States,238.4K,393.8K
838,luzu,Luzu,Cinema & Actors/actresses,,5.5M,Mexico,491.3K,543.2K
839,artmodel.one,Ğ®Ğ»ĞµÑ‡ĞºĞ°ğŸ’–Digital Art,,,8.6M,India,268.4K,348.5K
840,bypamella,BY PAMELLA âœ¨ğŸ§¿,Shows,,9.9M,Brazil,175.7K,300.9K
841,laurenlondon,Lauren London,Cinema & Actors/actresses,Modeling,9.9M,United States,176.6K,301.3K
842,disney,Disney,Shows,,35.7M,United States,66.7K,81.8K
843,emmaroberts,Emma Roberts,Cinema & Actors/actresses,,18.9M,United States,104.8K,154.6K
844,mollymae,Molly-Mae Hague,Lifestyle,Fashion,6.8M,United Kingdom,248.3K,432.8K
845,nicolegarcia,Nicole Gonzalez Garcia,Lifestyle,,6.1M,Mexico,370.9K,485.4K
846,kentooyamazaki,å±±ï¨‘è³¢äºº,Cinema & Actors/actresses,,5.2M,Japan,492.7K,570.5K
847,iamyanetgarcia,Yanet Garcia ğŸ‡²ğŸ‡½,Cinema & Actors/actresses,Modeling,14.9M,Mexico,152.8K,194.6K
848,sashameneghel,SASHA,Cinema & Actors/actresses,Modeling,8.1M,Brazil,183.1K,361.7K
849,catherinemcbroom,Catherine Paiz,Family,,7.2M,United States,238.3K,409.4K
850,jeromepolin,Jerome Polin Sijabat ã‚·ã‚™ã‚§ãƒ­ãƒ¼ãƒ ,Education,Humor & Fun & Happiness,7.3M,Indonesia,276.1K,404.7K
851,realhinakhan,Hina Khan,Cinema & Actors/actresses,,18.8M,India,125.4K,154.3K
852,navidmohammadzadeh,navid mohammadzadeh,Cinema & Actors/actresses,,8.5M,Iran,245.7K,347.3K
853,rampage_thedancer,RAMPAGE THE DANCER ğŸ‡¨ğŸ‡º,Water sports,Music,2.2M,United States,1.1M,1.3M
854,miamalkova,Mia Malkova,Cinema & Actors/actresses,,11.3M,India,189.7K,257.3K
855,spacex,SpaceX,Science,Machinery & Technologies,16.4M,United States,144.4K,175.9K
856,bounouyassine_bono,Yassine Bounou â€œBONOâ€,Sports with a ball,,4.5M,Morocco,451.7K,643.1K
857,imfaithxo,Faith Lianne,,,5.9M,United States,291.1K,491.5K
858,sophiedee,Sophie Dee,Adult content,,12.6M,United States,172.8K,229.8K
859,333cyj333,Ars ğŸ—,Music,,6.7M,Thailand,362.7K,431.6K
860,ciara,Ciara,Music,Modeling,33.2M,United States,63.8K,86.8K
861,alexis_officia1,Sanchez Alexis,Sports with a ball,,15.1M,Chile,103.1K,190K
862,bianca,BIANCA,Beauty,,18M,Brazil,68K,159.7K
863,nikkietutorials,NikkieTutorials,Beauty,,16.8M,United States,124K,168.5K
864,choi_seung_hyun_tttop,TOP,,,15.1M,Indonesia,159.7K,189K
865,nabilla,Nabilla Vergara âœ¨,Beauty,,8.1M,France,262.5K,352.8K
866,linatejeiro,Lina Tejeiro.,Cinema & Actors/actresses,,9.9M,Colombia,239.3K,288.2K
867,galatasaray,Galatasaray,Sports with a ball,,12M,Turkey,205.9K,235K
868,troyesivan,troye sivan,Art/Artists,Fashion,13.8M,United States,142.3K,204.1K
869,voriaghafuri_official,Voria,,,3.8M,Iran,506.1K,797.2K
870,jamorant,12 ğŸ¥·ğŸ½ğŸ–¤,Winter sports,Sports with a ball,8.3M,United States,211.7K,342K
871,esbilgic,Esra Bilgic,Cinema & Actors/actresses,,7.2M,India,313.3K,398.6K
872,_hakkencoser_,Hakken å…«çŠ¬,Gaming,Photography,3.9M,United States,604.8K,738.7K
873,hannahelzahed,Hannah El-Zahed,Cinema & Actors/actresses,,18.4M,Egypt,122.8K,151.8K
874,gabimartins,Gabriela Martins,Music,,12.9M,Brazil,130.7K,219.9K
875,percy,Percy Hynes White,Lifestyle,Cinema & Actors/actresses,3.3M,United States,503.3K,839.6K
876,mcdavipaiva,PAIVAğŸ’MAGNATA !,Lifestyle,Music,4.7M,Brazil,226.4K,602.1K
877,maudyayunda,Maudy Ayunda,Music,,17.9M,Indonesia,104.5K,154.1K
878,ferrari,Ferrari,Luxury,Cars & Motorbikes,23.9M,United States,87.5K,114.9K
879,skaijackson,S K A I,Lifestyle,,8.1M,United States,195.1K,343.4K
880,huddy,Chase Hudson,Lifestyle,Art/Artists,11.3M,United States,175.9K,242.5K
881,willevy,William  Levy / Actor Producer,Shows,Cinema & Actors/actresses,11.1M,Brazil,186.6K,251.9K
882,vanessamorgan,Vanessa Morgan,Music,Cinema & Actors/actresses,9.2M,United States,211.4K,300.7K
883,jhayco,,Music,,5M,Mexico,314.6K,551.7K
884,davidalaba,David Alaba,Sports with a ball,,11.6M,Spain,156.1K,234.5K
885,kawtarbamo,KAWTAR BA-MOHAMED ÙƒÙˆØ«Ø± Ø¨Ø§Ù…Ùˆ,Cinema & Actors/actresses,,8M,Morocco,255K,345.4K
886,celestebarber,Celeste Barber,Humor & Fun & Happiness,,9.4M,United States,273.9K,293.5K
887,ggonekim,,Lifestyle,,6M,Indonesia,375.5K,461.3K
888,flamengo,Flamengo,Sports with a ball,,16.1M,Brazil,81.9K,168.3K
889,nimratkhairaofficial,NIMRAT KHAIRA,Music,,8.2M,India,270.5K,335.7K
890,austinmcbroom,Austin McBroom,Lifestyle,,6.4M,India,306K,430.3K
891,junhui_moon,JUN æ–‡ä¿Šè¾‰,Lifestyle,Music,3.4M,Indonesia,661.5K,811.4K
892,rjkarishma,RJ Karishma,Humor & Fun & Happiness,Cinema & Actors/actresses,5.4M,India,399.4K,509K
893,willyrex,Willyrex,Shows,,8.7M,Spain,253.3K,311.9K
894,_agentgirl_,ĞĞĞ¡Ğ¢Ğ¯ Ğ˜Ğ’Ğ›Ğ•Ğ•Ğ’Ğ,Shows,,18.2M,Russia,128.2K,147K
895,lacikaysomers,Laci Kay Somers,Music,Modeling,12.2M,United States,131.1K,223.8K
896,tohi,ğ“ğğ‡ğˆ,Lifestyle,Music,12.2M,Iran,154.2K,223.5K
897,hasnaink07,Hasnain khan,Gaming,,13.2M,India,162.9K,203.1K
898,morganasecco,Morgana Secco,Family,,4.1M,Brazil,394.6K,671.9K
899,haifa_hassony,Ù‡ÙŠÙØ§Ø¡ Ø­Ø³ÙˆÙ†ÙŠ Haifa Hassony,Modeling,Fitness & Gym,15.6M,Iraq,129.4K,172.3K
900,ozuna,@ozutochi,Music,,22.7M,Spain,87.2K,117.3K
901,moneybaggyo,Certified Speaker,Lifestyle,NFT,8.5M,United States,134.3K,319.7K
902,allusnehareddy,Allu Sneha Reddy,Travel,,8.7M,India,267.4K,310K
903,nikefootball,Nike Football (Soccer),Sports with a ball,Clothing & Outfits,45.5M,Brazil,37.8K,58.5K
904,michelleziu,ï¼­ï½‰ï½ƒï½ˆï½…ï½Œï½Œï½…  ï¼ºï½‰ï½•ï½„ï½‰ï½”ï½ˆ  ï½—,Cinema & Actors/actresses,Lifestyle,10.5M,Indonesia,174K,253.9K
905,tatawerneck,Tata Werneck,Cinema & Actors/actresses,Family,54.6M,Brazil,31.4K,48.7K
906,dylanminnette,Dylan Minnette,Music,Cinema & Actors/actresses,7.2M,United States,229.3K,372.8K
907,g_eazy,G-Eazy,Music,Art/Artists,10M,United States,176.1K,269K
908,mahnaz_afshar,Mahe Man,Cinema & Actors/actresses,Lifestyle,17.1M,Iran,113.8K,157.1K
909,keylornavas1,Keylor Navas Gamboa,Sports with a ball,,16.7M,Spain,110.9K,160.7K
910,voguemagazine,Vogue,Literature & Journalism,Fashion,41.8M,United States,42K,63.4K
911,lexa,Lexa,Music,,18.2M,Brazil,86.3K,145.7K
912,amybethmcnulty,Amybeth,Lifestyle,Cinema & Actors/actresses,7.8M,Brazil,248.5K,341.4K
913,nicolebahls,Nicole Bahls,Modeling,,20.9M,Brazil,71.6K,127.6K
914,ibrahimyilmazofficial,IÌ‡brahim YÄ±lmazï¸,Humor & Fun & Happiness,,10.3M,Turkey,190.6K,256.9K
915,esmuellert,Thomas MuÌˆller,Sports with a ball,,11.9M,Germany,161.4K,221.6K
916,snoopdogg,snoopdogg,Lifestyle,Music,78.3M,United States,23.8K,34.2K
917,jennmuriel,Jenn muriel,Lifestyle,Modeling,6.4M,Colombia,332.4K,414K
918,harshbeniwal,Harsh PUSPENDER Beniwal,Shows,Lifestyle,5.7M,India,351.7K,458K
919,brianmaps,Ğ‘Ñ€Ğ°Ğ¸Ì†Ğ½ ĞœĞ°Ğ¿Ñ (ĞœĞ°ĞºÑ Ğ¢Ğ°Ñ€Ğ°ÑĞµĞ½ĞºĞ¾),,,5.8M,Russia,441.7K,455.1K
920,sincerooficial,Sincero Oficial,Humor & Fun & Happiness,,21.8M,Brazil,61.6K,119.1K
921,jackgrealish,Jack Grealish,Sports with a ball,Winter sports,5.7M,United Kingdom,295.9K,462.6K
922,dkharbour,David Harbour,Cinema & Actors/actresses,,9.9M,United States,202.3K,264.8K
923,taylorlautner,Taylor Lautner,Shows,Cinema & Actors/actresses,8.6M,Brazil,207.9K,303.5K
924,sahilkhan,Indiaâ€™s Youth & Fitness ICâ­•ï¸NÂ®,Fitness & Gym,,11.1M,India,179.3K,232.5K
925,alejoigoa,Alejo Igoa,Lifestyle,,6.9M,Argentina,256K,380.2K
926,lulaoficial,Luiz InaÌcio Lula da Silva,Finance & Economics,Business & Careers,11.7M,Brazil,129.2K,226.8K
927,alissonbecker,Alisson Becker,Sports with a ball,,8.4M,Brazil,209.3K,310.5K
928,karolsevillaofc,KAROL SEVILLA,Cinema & Actors/actresses,,15.6M,Brazil,131.3K,165.8K
929,e_milygarcia,Emily Garcia,Cinema & Actors/actresses,,11.6M,Brazil,135K,223.4K
930,kajol,Kajol Devgan,Cinema & Actors/actresses,,13.1M,India,158.7K,195.9K
931,sashapieterse,Sasha Pieterse Sheaffer,Lifestyle,Cinema & Actors/actresses,16.3M,Brazil,97.9K,156.9K
932,bumkeyk,SHINee KEY,Music,,9.4M,Indonesia,229.6K,275.2K
933,soyneiva,Neiva Mara,Adult content,,11.9M,Brazil,160.7K,215.5K
934,dearra,De'arra Taylor,,,6.4M,United States,217.8K,405.9K
935,emiliamernes,Emilia Mernes,Music,,6.4M,Argentina,212.6K,400.1K
936,camilacoelho,CAMILA COELHO,Shows,,9.9M,Brazil,122.1K,260.4K
937,jessnolimit,Jess No Limit,Shows,,7.4M,Indonesia,291.9K,351.4K
938,youngdae0302,á„€á…µá†·á„‹á…§á†¼á„ƒá…¢,Music,,4.6M,Indonesia,425K,561K
939,raghavjuyal,Raghav Juyal,Travel,Lifestyle,11.2M,India,189.3K,226.1K
940,noorstars,Ù†ÙˆØ± Ø³ØªØ§Ø±Ø² | Noor Stars,Shows,,13.5M,Iraq,139.7K,186.5K
941,urassayas,Urassaya Sperbund,Cinema & Actors/actresses,Modeling,12.2M,Thailand,174.3K,206.6K
942,phoebejtonkin,Phoebe Tonkin,Beauty,Cinema & Actors/actresses,8.4M,United States,210.9K,301.1K
943,riteishd,Riteish Deshmukh,Art/Artists,Cinema & Actors/actresses,18.5M,India,116.3K,135.9K
944,sofiavergara,Sofia Vergara,Cinema & Actors/actresses,,27.5M,United States,70.3K,91.7K
945,pandorakaaki,ğğšğ§ğğ¨ğ«ğš ğŠğšğšğ¤ğ¢,Adult content,,9.1M,United States,204.6K,281.7K
946,teslamotors,Tesla,Cars & Motorbikes,Machinery & Technologies,9.6M,United States,178.2K,266.2K
947,madisonbaileybabe,Maddie Baby,Lifestyle,Cinema & Actors/actresses,6.5M,United States,207.4K,388.3K
948,larray,larri,Lifestyle,Modeling,6.6M,United States,262.9K,385.4K
949,jaybnow.hr,LIM JAE BEOM,Music,,7M,United States,276.6K,363.1K
950,francety,Francia James,Adult content,,11.5M,India,167.3K,219.1K
951,madisonbaileybabe,Maddie Baby,Lifestyle,Cinema & Actors/actresses,6.5M,United States,207.4K,388.3K
952,larray,larri,Lifestyle,Modeling,6.6M,United States,262.9K,385.4K
953,jaybnow.hr,LIM JAE BEOM,Music,,7M,United States,276.6K,363.1K
954,francety,Francia James,Adult content,,11.5M,India,167.3K,219.1K
955,floydmayweather,Floyd Mayweather,Fitness & Gym,,28.5M,United States,49.6K,86.8K
956,katherinelangford,KATHERINE LANGFORD,Cinema & Actors/actresses,,31.8M,India,55K,78.7K
957,francinyehlke,Franciny Ehlke,Beauty,,15.5M,Brazil,72.1K,157.9K
958,lynaritaa,Lyna Perez,Lifestyle,,9.3M,United States,204.3K,269.6K
959,starwars,Star Wars,Cinema & Actors/actresses,,15.9M,United States,120.6K,153.6K
960,borodylia,ĞšÑĞµĞ½Ğ¸Ñ Ğ‘Ğ¾Ñ€Ğ¾Ğ´Ğ¸Ğ½Ğ°,Shows,Family,19.5M,Russia,101.5K,125.3K
961,brunofernandes8,Bruno Fernandes,Lifestyle,Sports with a ball,7.6M,United Kingdom,217.1K,325.1K
962,sarahhyland,Sarah Hyland,Cinema & Actors/actresses,Lifestyle,10.2M,United States,190.6K,238.5K
963,limitless,Jas Mathur,Business & Careers,Management & Marketing,10.2M,Turkey,133.8K,237.8K
964,veradijkmans,Vera Dijkmans,Adult content,,5.6M,United States,315.1K,442.6K
965,paraschhabra,Paras Chhabra,Shows,Humor & Fun & Happiness,6M,India,355.5K,408.7K
966,shahinsamadpoor,Shahin Samad poor Ø´Ø§Ù‡ÛŒÙ† ØµÙ…Ø¯Ù¾ÙˆØ±,Literature & Journalism,Cinema & Actors/actresses,5M,Iran,380.2K,497.9K
967,whrbtjd,á„Œá…©á„€á…²á„‰á…¥á†¼ (gue sung cho),Sports with a ball,,2.9M,South Korea,718.2K,855.8K
968,morganwallen,Morgan Wallen,Family,Lifestyle,4.5M,United States,309.9K,550.7K
969,gadiiing,Gading Marten,Shows,,23.3M,Indonesia,64.1K,103.3K
970,arashi_5_official,ARASHI,,,4.4M,Japan,543.4K,566.2K
971,sandrinna_11,Sandrinnaskornicki,Lifestyle,,10.9M,Indonesia,172.2K,219.5K
972,chetri_sunil11,Sunil Chhetri,Sports with a ball,,3.5M,India,535.3K,695.6K
973,neeraj____chopra,Neeraj Chopra,Shows,Winter sports,6.3M,India,294.7K,386.3K
974,yuyacst,ğ“¨ğ’–ğ’šğ’‚,Modeling,,17M,Mexico,97.3K,140.3K
975,lucasguimaraes,LUCAS GUIMARÃƒESğŸŒ»,Cinema & Actors/actresses,,9.5M,Brazil,156.1K,257.6K
976,k_a_z_u_h_a__,KAZUHA of LE SSERAFIM,,,2.8M,Indonesia,693K,862.9K
977,watanabenaomi703,æ¸¡è¾ºç›´ç¾ã€€Naomi watanabe,Cinema & Actors/actresses,Humor & Fun & Happiness,9.9M,Japan,228.8K,243.9K
978,officialslystallone,Sly Stallone,Art/Artists,Cinema & Actors/actresses,15.6M,United States,121.4K,153.4K
979,lizbethrodriguezoficial,Lizbeth Rodriguez,Shows,Humor & Fun & Happiness,11.4M,Mexico,170.7K,207.5K
980,justsul,Just Sul,Humor & Fun & Happiness,,6.2M,India,252.4K,384.8K
981,aliciakeys,Alicia Keys,Music,,24.8M,United States,72.3K,96.8K
982,rockstargames,Rockstar Games,Cars & Motorbikes,Gaming,24M,United States,79.8K,98.8K
983,marcinho11,Marco Reus,Sports with a ball,,12.8M,Germany,135K,184.6K
984,casimiro,Casimiro Miguel,,,4.1M,Brazil,331.9K,580.1K
985,scuderiaferrari,Scuderia Ferrari,Racing Sports,Cars & Motorbikes,10.3M,Italy,168.8K,228.4K
986,dacremontgomery,Dacre Montgomery,Cinema & Actors/actresses,,9.2M,United States,194.7K,260.3K
987,viavallen,Via Vallen,Music,,27.8M,Indonesia,67.9K,84.6K
988,cemrebaysel,Cemre,Lifestyle,,3.6M,Turkey,488.1K,656.1K
989,nickjonas,Nick Jonas,Music,Art/Artists,33.5M,United States,49.3K,70.1K
990,sinavaliollah,Sina Valiollah,Shows,,8M,Iran,237K,298.7K
991,juliopfernandez,J U L I O   P E Ã‘ A   F. D E Z,Art/Artists,,3.3M,Brazil,567.3K,720.4K
992,strangehuman,nova,Lifestyle,,4.6M,United States,371.8K,515.6K
993,labels.hybe,HYBE LABELS Updates,Shows,Music,2.3M,India,891.1K,1M
994,torylanez,FARGOâ€™S CRAZY LIFE,Shows,Music,11.9M,United States,85.1K,196K
995,earthpix,ğŸŒ  EarthPix  ğŸŒ,Nature & landscapes,Photography,23.3M,United States,77.3K,100.2K
996,thiago6,Thiago Alcantara,Sports with a ball,,10.4M,United Kingdom,129.9K,222.7K
997,soycintiacossio,Cintia Cossio,Modeling,Adult content,6M,Colombia,313.4K,390.6K
998,feat.dino,ì´ì°¬,Lifestyle,,2.7M,South Korea,716.6K,876.4K
999,djokernole,Novak Djokovic,Sports with a ball,,11.8M,United States,158.6K,197.5K
1000,ravindra.jadeja,Ravindrasinh jadeja,Lifestyle,Sports with a ball,4.8M,India,388.9K,485.1K