s.no,Name,Instagram Name,Category-1,Followers,"
Country",Eng. (Auth.),Eng. (Avg.),Category-2
1,cristiano,Cristiano Ronaldo,Sports with a ball,483.1M,India,4.5M,5.6M,
2,kyliejenner,Kylie ğŸ¤,Fashion,370M,United States,2.8M,4.4M,Modeling
3,leomessi,Leo Messi,Sports with a ball,357.8M,Indonesia,3.2M,4.1M,Family
4,arianagrande,Ariana Grande,Music,331.6M,United States,2.9M,4M,
5,zendaya,Zendaya,Cinema & Actors/actresses,152.2M,United States,4.8M,6.5M,Fashion
6,virat.kohli,Virat Kohli,Sports with a ball,215M,India,3.6M,4.1M,
7,selenagomez,Selena Gomez,Music,347.6M,United States,1.8M,2.3M,Lifestyle
8,thv,V,Music,51.3M,South Korea,13.1M,13.1M,
9,lalalalisa_m,LISA,Music,82.5M,Indonesia,6.7M,7.8M,
10,taylorswift,Taylor Swift,Music,224.9M,Brazil,2.1M,2.8M,
11,beyonce,BeyonceÌ,Music,275.7M,United States,1.5M,2.2M,Fashion
12,billieeilish,BILLIE EILISH,Music,106.3M,United States,3.8M,5M,
13,justinbieber,Justin Bieber,Music,258.2M,Brazil,1.4M,1.9M,
14,neymarjr,NJ ğŸ‡§ğŸ‡·,Sports with a ball,178.7M,Brazil,1.5M,2.2M,
15,kendalljenner,Kendall,Modeling,258.2M,United States,926.4K,1.5M,Fashion
16,jin,Jin of BTS,Music,40M,United States,8.9M,8.9M,
17,agustd,SUGA of BTS ë¯¼ìœ¤ê¸°,Lifestyle,38.7M,South Korea,9.2M,9.2M,Music
18,jennierubyjane,J,Music,70.1M,Indonesia,4.2M,5M,
19,karolg,KAROL G,Music,56.2M,Mexico,5M,6.1M,
20,sooyaaa__,JISOOğŸ¤,Music,64.5M,Indonesia,4.6M,5.3M,Beauty
21,uarmyhope,jhope,Art/Artists,39.6M,South Korea,7.9M,7.9M,Music
22,khaby00,Khaby Lame,Sports with a ball,79.8M,India,2.7M,3.7M,
23,iamcardib,Cardi B,Music,140.8M,United States,1.3M,1.9M,Fashion
24,kimkardashian,Kim Kardashian,Fashion,330.3M,United States,573.1K,807K,Beauty
25,milliebobbybrown,Millie Bobby Brown,Cinema & Actors/actresses,58.5M,Brazil,3.4M,4.3M,
26,roses_are_rosie,ROSEÌ,Music,63.2M,Indonesia,3.3M,3.8M,
27,badbunnypr,,Music,43.1M,United States,3.6M,5.6M,
28,rkive,RM,Lifestyle,38.2M,,6.1M,6.1M,Music
29,jlo,Jennifer Lopez,Music,221.6M,United States,796.1K,1M,Cinema & Actors/actresses
30,zayn,Zayn Malik,Music,46.9M,India,2.8M,4.4M,
31,jungkook.97,ì „ ì •êµ­ ì´ì˜¬ì‹œë‹¤,Music,46.5M,,4.2M,4.2M,
32,instagram,Instagram,Photography,549.3M,India,288.5K,360.4K,
33,bts.bighitofficial,BTS official,Music,67.8M,Indonesia,2.5M,2.8M,
34,kourtneykardash,Kourtney Kardashian Barker,Lifestyle,197.6M,United States,668.3K,958.1K,
35,champagnepapi,champagnepapi,Music,121.1M,United States,854.2K,1.4M,
36,therock,Dwayne Johnson,Cinema & Actors/actresses,338.1M,India,360.2K,462.4K,Fitness & Gym
37,kingjames,ğŸ‘‘,Sports with a ball,133M,United States,623.6K,1.1M,
38,narendramodi,Narendra Modi,Finance & Economics,69.9M,India,1.8M,2M,Business & Careers
39,khloekardashian,KhloeÌ Kardashian,Clothing & Outfits,272M,United States,394.8K,489.7K,Lifestyle
40,shawnmendes,Shawn Mendes,Music,70M,Brazil,1.2M,1.8M,
41,dualipa,DUA LIPA,Music,87M,United States,1.1M,1.4M,
42,dlwlrma,á„‹á…µá„Œá…µá„€á…³á†· IU,Art/Artists,27.8M,South Korea,3.7M,4.4M,
43,eunwo.o_c,ì°¨ì€ìš°,Music,30.5M,Indonesia,3.1M,3.9M,Lifestyle
44,harrystyles,,Music,47.4M,United States,1.8M,2.4M,Fashion
45,katrinakaif,Katrina Kaif,Beauty,67.3M,India,1.4M,1.6M,
46,nasa,NASA,Science,82.9M,India,1.1M,1.3M,Photography
47,k.mbappe,Kylian MbappeÌ,Sports with a ball,72.6M,France,975K,1.4M,
48,adele,Adele,Music,50.9M,United States,1.4M,2M,
49,actorleeminho,á„‹á…µá„†á…µá†«á„’á…© leeminho,Cinema & Actors/actresses,30.8M,Indonesia,2.5M,3.2M,
50,shraddhakapoor,Shraddha âœ¶,Cinema & Actors/actresses,74.9M,India,1.1M,1.3M,
51,shraddhakapoor,Shraddha âœ¶,Cinema & Actors/actresses,74.9M,India,1.1M,1.3M,
52,anushkasharma,AnushkaSharma1588,Cinema & Actors/actresses,59.8M,India,1.4M,1.6M,
53,realmadrid,Real Madrid C.F.,Sports with a ball,125.2M,Spain,518.7K,720.8K,
54,oliviarodrigo,Olivia Rodrigo,Music,27.9M,India,2.5M,3.1M,Cinema & Actors/actresses
55,blakelively,Blake Lively,Cinema & Actors/actresses,35.2M,United States,1.5M,2.3M,
56,nickiminaj,Barbie,Music,200.9M,United States,252.5K,398.8K,
57,handemiyy,Hande ErcÌ§el,Cinema & Actors/actresses,28.9M,Turkey,2.1M,2.7M,
58,georginagio,Georgina RodriÌguez,Lifestyle,39.2M,India,1.4M,2M,Fashion
59,haileybieber,Hailey Rhode Baldwin Bieber,Lifestyle,48M,United States,1.2M,1.6M,Modeling
60,sadiesink_,Sadie Sink,Modeling,24.8M,Brazil,2.1M,3M,Lifestyle
61,ester_exposito,Ester ğŸŒ™,Cinema & Actors/actresses,29.2M,Mexico,1.7M,2.5M,
62,fcbarcelona,FC Barcelona,Sports with a ball,112.3M,Indonesia,417.5K,636.6K,
63,willsmith,Will Smith,Cinema & Actors/actresses,63.5M,United States,926.6K,1.1M,Music
64,johnnydepp,Johnny Depp,Cinema & Actors/actresses,27.7M,India,1.9M,2.5M,Music
65,jongsuk0206,ì´ì¢…ì„,Cinema & Actors/actresses,23.8M,Indonesia,2.2M,2.9M,
66,kimberly.loaiza,KIM LOAIZA ğŸ–¤,Clothing & Outfits,36M,Mexico,1.5M,1.8M,Lifestyle
67,dovecameron,DOVE,Cinema & Actors/actresses,48.3M,United States,1M,1.3M,
68,beingsalmankhan,Salman Khan,Cinema & Actors/actresses,54.3M,India,899.1K,1.2M,Art/Artists
69,bellahadid,Bella ğŸ¦‹,Modeling,54.7M,United States,700.7K,1.1M,
70,karimbenzema,Karim Benzema,Sports with a ball,57.9M,France,729.7K,1.1M,
71,gigihadid,Gigi Hadid,Modeling,75.7M,United States,544.9K,800.4K,Lifestyle
72,bn_sj2013,á„‡á…¡á†¨á„‰á…¥á„Œá…®á†«,Cinema & Actors/actresses,22.8M,Indonesia,2.2M,2.6M,Modeling
73,lelepons,Lele Pons,Music,49.4M,Mexico,759.9K,1.2M,
74,gal_gadot,Gal Gadot,Cinema & Actors/actresses,86.7M,United States,520.7K,673.1K,
75,aliaabhatt,Alia Bhatt ğŸ¤â˜€ï¸,Cinema & Actors/actresses,70M,India,662.3K,820.1K,
76,ddlovato,Demi Lovato,Music,139.5M,United States,318K,411.9K,
77,blackpinkofficial,BLÎ›Æ†KPIĞ˜K,Music,49.7M,Indonesia,917.7K,1.1M,
78,maluma,MALUMA,Music,62.9M,Italy,577.9K,890.4K,
79,charlidamelio,charli,Lifestyle,49.2M,United States,963.1K,1.1M,Shows
80,niallhoran,Niall Horan,Music,30.5M,United States,1.2M,1.7M,
81,zacefron,Zac Efron,Cinema & Actors/actresses,54.7M,United States,639.5K,926.6K,
82,virginia,Virginia Fonseca Costa,Shows,39.4M,Brazil,819.8K,1.3M,Lifestyle
83,theweeknd,The Weeknd,Music,43.4M,United States,843.3K,1.1M,
84,madisonbeer,Madison Beer,Music,32.6M,United States,1M,1.5M,
85,chrishemsworth,Chris Hemsworth,Cinema & Actors/actresses,56M,India,667.1K,859.7K,
86,camila_cabello,camila,Music,65.3M,Brazil,538.9K,732.7K,
87,realstraykids,Stray Kids,Music,22.8M,Indonesia,1.7M,2M,
88,paulodybala,Paulo Dybala,Sports with a ball,48.6M,Argentina,588.9K,942.7K,
89,dojacat,Doja Cat,Music,24.4M,United States,1.4M,1.9M,
90,lilireinhart,Lili Reinhart,Cinema & Actors/actresses,28.7M,Brazil,1.1M,1.6M,
91,robertdowneyjr,Robert Downey Jr. Official,Cinema & Actors/actresses,53.2M,India,630.8K,789.5K,
92,oohsehun,SEHUN,Music,23.2M,Indonesia,1.5M,1.8M,
93,natgeo,National Geographic,Nature & landscapes,239.5M,United States,135.8K,172.9K,Science
94,whinderssonnunes,Whindersson Nunes,Humor & Fun & Happiness,58.8M,Brazil,457.2K,704.2K,
95,priyankachopra,Priyanka,Cinema & Actors/actresses,82.3M,India,409.1K,497.3K,
96,songkang_b,á„‰á…©á†¼á„€á…¡á†¼,,14.8M,Mexico,2M,2.7M,
97,chrisevans,Chris Evans,Cinema & Actors/actresses,17.8M,United States,1.9M,2.3M,
98,vindiesel,Vin Diesel,Cinema & Actors/actresses,82.9M,Brazil,377.1K,488.2K,
99,marcelotwelve,Marcelo Vieira,Sports with a ball,58.7M,Spain,458.1K,680.3K,
100,tchalamet,TimotheÌe Chalamet,Cinema & Actors/actresses,18M,United States,1.3M,2.2M,
101,nehakakkar,Neha Kakkar (Mrs. Singh),Music,71.1M,India,460.2K,536.9K,
102,iamsrk,Shah Rukh Khan,Cinema & Actors/actresses,30.6M,India,976.1K,1.2M,
103,samantharuthprabhuoffl,Samantha,Beauty,24.3M,India,1.2M,1.5M,Modeling
104,championsleague,UEFA Champions League,Sports with a ball,98.3M,Brazil,267K,363.7K,
105,twicetagram,TWICE,Music,26.7M,Indonesia,1.1M,1.3M,Modeling
106,kritisanon,Kriti,Modeling,50.8M,India,600.1K,699K,
107,rashmika_mandanna,Rashmika Mandanna,Beauty,33.6M,India,915.2K,1.1M,Art/Artists
108,iamzlatanibrahimovic,Zlatan IbrahimoviÄ‡,Sports with a ball,55.7M,Italy,410.7K,632.5K,
109,ursulolita,UÌrsula CorberoÌ âœ¨,Cinema & Actors/actresses,23.6M,Brazil,1M,1.5M,Modeling
110,hoooooyeony,Hoyeon,Lifestyle,22.9M,South Korea,1.2M,1.5M,Music
111,433,433,Sports with a ball,51.8M,Spain,402.8K,668.7K,
112,zefelipecantor,ZeÌ,Music,25M,Brazil,786K,1.4M,
113,mosalah,Mohamed Salah,Sports with a ball,52.8M,Egypt,461.5K,653.9K,
114,antonelaroccuzzo,Antonela Roccuzzo,Modeling,20.2M,Argentina,1M,1.7M,Family
115,tyga,T-Raww,Music,36.8M,United States,619.3K,925.9K,
116,lucas_xx444,LUCAS,Art/Artists,11.5M,Indonesia,2.4M,3M,
117,nike,Nike,Fitness & Gym,238.5M,United States,109.5K,142.2K,Shopping & Retail
118,addisonraee,Addison Rae,Beauty,39.8M,United States,538.9K,831.6K,
119,jacksonwang852g7,Jackson Wang,Music,30.1M,China,920.9K,1.1M,
120,madelame,Madelaine Petsch,Cinema & Actors/actresses,25.2M,Russia,901.7K,1.3M,
121,vinijr,Vinicius Jr. âš¡ï¸ğŸ‡§ğŸ‡·,Sports with a ball,23M,Brazil,758.9K,1.4M,Lifestyle
122,jenniferaniston,Jennifer Aniston,Cinema & Actors/actresses,40.8M,Brazil,529.8K,768.9K,
123,_rl9,Robert Lewandowski,Sports with a ball,29.9M,Poland,819.9K,1M,
124,alluarjunonline,Allu Arjun,Cinema & Actors/actresses,19.3M,India,1.3M,1.6M,
125,hi_high_hiy,á„’á…ªá†¼á„‹á…µá†«á„‹á…§á†¸,Cinema & Actors/actresses,14.8M,South Korea,1.8M,2.1M,
126,_jeongjaehyun,Jaehyun,,12.5M,Indonesia,2M,2.5M,
127,vancityreynolds,Ryan Reynolds,Cinema & Actors/actresses,45.3M,United States,514K,676.7K,
128,pewdiepie,PewDiePie,Computers & Gadgets,21.8M,United States,1.2M,1.4M,
129,mrbeast,MrBeast,Shows,20M,United States,1.1M,1.5M,Humor & Fun & Happiness
130,dishapatani,disha patani (paatni) ğŸ¦‹,Cinema & Actors/actresses,53.7M,India,454.5K,559.6K,Lifestyle
131,kartikaaryan,KARTIK AARYAN,Cinema & Actors/actresses,26.1M,India,915K,1.1M,
132,henrycavill,Henry Cavill,Cinema & Actors/actresses,21.8M,Brazil,1.1M,1.4M,
133,rosalia.vt,LA ROSALIÌA,Music,22.2M,Spain,981.9K,1.3M,
134,hardikpandya93,Hardik Himanshu Pandya,Sports with a ball,23.2M,India,980.3K,1.2M,
135,ronaldinho,Ronaldo de Assis Moreira,Sports with a ball,68M,Brazil,236.9K,412.1K,
136,davidbeckham,David Beckham,Family,75.3M,India,281.4K,361.2K,Sports with a ball
137,sydney_sweeney,Sydney Sweeney,Lifestyle,14.3M,United States,994.8K,1.9M,Cinema & Actors/actresses
138,sergioramos,Sergio Ramos,Sports with a ball,53.3M,Spain,325.3K,498.6K,
139,alexademie,,Music,11.5M,United States,1.3M,2.3M,
140,hi_songjoongki,á„‰á…©á†¼á„Œá…®á†¼á„€á…µ songjoongki official,Cinema & Actors/actresses,9.7M,Indonesia,2M,2.8M,
141,thenameisyash,Yash,Cinema & Actors/actresses,11.3M,India,2M,2.3M,
142,thedeverakonda,Vijay Deverakonda,Cinema & Actors/actresses,17.5M,India,1.3M,1.5M,
143,jamesrodriguez10,James RodriÌguez,Sports with a ball,50M,Colombia,346.2K,526.4K,
144,shakira,Shakira,Music,76.2M,India,250.8K,343.3K,
145,deepikapadukone,Deepika Padukone,Cinema & Actors/actresses,69.1M,India,285.7K,372.7K,
146,hegdepooja,Pooja Hegde,Cinema & Actors/actresses,21.4M,India,1M,1.2M,
147,rohittt_09_,ğ‘ğ¨ğ¡ğ¢ğ­ ğ™ğ¢ğ§ğ£ğ®ğ«ğ¤ğ ~ ğ«ğğšğœğ­ğ¢ğ¨ğ§ğ›ğ¨ğ¢ ğŸ’«,Shows,24.1M,India,738.4K,1M,Lifestyle
148,bizarrap,BZRP,Music,15.1M,Argentina,1.3M,1.6M,
149,norafatehi,Nora Fatehi,Cinema & Actors/actresses,42.2M,India,473.5K,582.7K,Music
150,manchesterunited,Manchester United,Sports with a ball,60.7M,United Kingdom,251.4K,402.2K,
151,sabrinacarpenter,Sabrina Carpenter,Music,27.7M,Brazil,710K,871.4K,
152,hazardeden_10,Eden Hazard,Sports with a ball,27.2M,Spain,550.3K,887.1K,
153,lewishamilton,Lewis Hamilton,Racing Sports,29.8M,Brazil,557.4K,799.6K,
154,urvashirautela,Urvashi Rautela,Cinema & Actors/actresses,56.5M,India,356K,420.5K,
155,emmachamberlain,emma chamberlain,Lifestyle,16.1M,United States,948.9K,1.5M,Shows
156,katyperry,KATY PERRY,Music,172.7M,Brazil,106.5K,137.7K,
157,sidhu_moosewala,Sidhu Moosewala (à¨®à©‚à¨¸à©‡ à¨†à¨²à¨¾),Lifestyle,11.2M,India,1.8M,2.2M,
158,saraalikhan95,Sara Ali Khan,Cinema & Actors/actresses,41.1M,India,465.4K,567.9K,
159,luisitocomunica,Luisillo El Pillo,Humor & Fun & Happiness,32.5M,Mexico,543K,717.5K,Clothing & Outfits
160,shahidkapoor,Shahid Kapoor,Cinema & Actors/actresses,35.7M,India,572.3K,648.3K,
161,paulpogba,Paul Labile Pogba,Sports with a ball,55.4M,Brazil,231.4K,412.4K,
162,casemiro,Casemiro,Sports with a ball,17.5M,Brazil,870.7K,1.3M,
163,emrata,Emily Ratajkowski,Modeling,29.4M,United States,482.2K,769.7K,
164,imhyoseop,ì•ˆíš¨ì„­,Lifestyle,9M,Indonesia,2.2M,2.5M,
165,hrithikroshan,Hrithik Roshan,Cinema & Actors/actresses,43.9M,India,406.6K,514.9K,
166,jichangwook,ì§€ì°½ìš±,Cinema & Actors/actresses,21.4M,Indonesia,828.3K,1.1M,
167,camimendes,camila mendes,Cinema & Actors/actresses,26.9M,Brazil,594.8K,824.3K,
168,na.jaemin0813,JAEMIN,,10.1M,Indonesia,1.8M,2.2M,
169,seonho__kim,á„€á…µá†·á„‰á…¥á†«á„’á…©,,8.2M,Indonesia,2.2M,2.8M,
170,zkdlin,KAI,Music,14.2M,Indonesia,1.3M,1.6M,
171,lanarhoades,Lana Rhoades,Lifestyle,16.6M,United States,802.8K,1.3M,Modeling
172,iambeckyg,Becky G,Music,33.6M,Mexico,530.1K,638.9K,
173,kiaraaliaadvani,KIARA,Cinema & Actors/actresses,25.1M,India,754K,855.5K,
174,varundvn,VarunDhawan,Cinema & Actors/actresses,44.3M,India,395.4K,481.7K,
175,akshaykumar,Akshay Kumar,Cinema & Actors/actresses,63.3M,India,281.5K,334.6K,
176,leedongwook_official,ì´ë™ìš± (Official_Instagram),Cinema & Actors/actresses,14.8M,Indonesia,1.1M,1.4M,
177,anitta,Anitta ğŸ¤,Music,63.3M,Brazil,173.3K,324.6K,
178,strangerthingstv,Stranger Things Netflix,Cinema & Actors/actresses,22.6M,Brazil,662.5K,886.6K,Shows
179,loganpaul,Logan Paul,Fitness & Gym,23.9M,United States,625K,833.4K,
180,jannatzubair29,Jannat Zubair Rahmani,Cinema & Actors/actresses,44.5M,India,361.3K,440.2K,
181,domelipa,domelipa,Lifestyle,19.9M,Mexico,800K,974.6K,
182,bambam1a,BamBam,Music,16.8M,Brazil,925.8K,1.2M,
183,daddyyankee,Daddy Yankee,Music,45.9M,Argentina,303.3K,423.4K,
184,erling.haaland,Erling Braut Haaland,Lifestyle,18.3M,Brazil,701K,1M,Sports with a ball
185,cznburak,Burak OÌˆzdemir,Food & Cooking,41M,Turkey,341.3K,462.9K,
186,miakhalifa,Mia K.,Fitness & Gym,27.7M,India,416.9K,666.8K,Lifestyle
187,onyourm__ark,Mark,Lifestyle,9.4M,Indonesia,1.6M,2M,
188,lilbaby,,Music,20.4M,United States,485.9K,896.6K,
189,anuel,â€œREAL HASTA LA MUERTEâ€,Music,29.6M,Spain,404.2K,615.8K,
190,enhypen,ENHYPEN,Lifestyle,11M,Indonesia,1.2M,1.6M,
191,iamhalsey,halsey,Music,30.6M,United States,440.9K,580.3K,
192,momo,ëª¨ëª¨ (MOMO),Lifestyle,8.1M,Turkey,1.5M,2.2M,
193,do0_nct,Doyoung,Lifestyle,10.5M,Indonesia,1.3M,1.7M,
194,zachking,Zach King,Shows,24.4M,Indonesia,463.2K,713.4K,Humor & Fun & Happiness
195,sunnyleone,Sunny Leone,Beauty,54M,India,236.1K,320K,Cinema & Actors/actresses
196,bbrightvc,bright,Cinema & Actors/actresses,16.1M,Indonesia,887.5K,1.1M,
197,lukamodric10,Luka Modric,Sports with a ball,25M,Spain,468.1K,686.2K,
198,gatenm123,Gaten Matarazzo,Music,18.8M,Brazil,684K,903.4K,Cinema & Actors/actresses
199,jamescharles,James Charles,Beauty,22.6M,United States,510K,747.6K,
200,kapilsharma,Kapil Sharma,Cinema & Actors/actresses,42.9M,India,346.5K,394.7K,Shows
201,serna_amini,Serna Amini,,9.8M,Iran,1.3M,1.8M,
202,josephquinn,Joseph Quinn,Cinema & Actors/actresses,8.6M,Brazil,1.7M,2M,
203,kajalaggarwalofficial,Kajal A Kitchlu,Cinema & Actors/actresses,23.6M,India,589.9K,712.9K,
204,louist91,Louis Tomlinson,Music,18.5M,Brazil,665.3K,908.8K,
205,madelyncline,Maddie,Cinema & Actors/actresses,12.6M,United States,913.4K,1.3M,
206,haileesteinfeld,hailee steinfeld,Cinema & Actors/actresses,19.7M,United States,657.5K,834.8K,
207,ladygaga,Lady Gaga,Music,53.2M,United States,220.7K,309.1K,Cinema & Actors/actresses
208,zidane,zidane,Sports with a ball,33.9M,Spain,355.3K,484.5K,
209,chrisbrownofficial,BREEZY,Music,118.8M,United States,88.5K,137.9K,
210,emmawatson,Emma Watson,Literature & Journalism,67.3M,United States,177.2K,241.8K,Cinema & Actors/actresses
211,nina,Nina Dobrev,Cinema & Actors/actresses,25.8M,Brazil,432.3K,619.7K,
212,brentrivera,Brent Rivera,Music,22.3M,United States,558.1K,724.3K,Cinema & Actors/actresses
213,anushkasen0408,Anushka Sen,Cinema & Actors/actresses,38.6M,India,355.6K,415.1K,
214,juandediospantoja,JD PANTOJA ğŸ‡²ğŸ‡½,Music,22.7M,Mexico,617.7K,704.8K,Art/Artists
215,emilia_clarke,,Cinema & Actors/actresses,27M,India,468.7K,589.9K,
216,itzy.all.in.us,ITZY,Music,18M,Indonesia,720.1K,880.1K,
217,carryminati,ğ‘¨ğ’‹ğ’†ğ’š ğ‘µğ’‚ğ’ˆğ’‚ğ’“,Computers & Gadgets,16.1M,India,830.3K,976.8K,Machinery & Technologies
218,nayeonyny,ë‚˜ì—° (NAYEON),Lifestyle,8.5M,Brazil,1.6M,1.9M,
219,riaricis1795,RICIS,Lifestyle,32M,Indonesia,395.9K,484.5K,
220,sidmalhotra,Sidharth Malhotra,Cinema & Actors/actresses,20.8M,India,598.5K,744.3K,Modeling
221,taeyeon_ss,TaeYeon,Music,18.8M,South Korea,672.6K,817.8K,
222,liluzivert,Lil Uzi Vert,Music,16.5M,United States,511.1K,939.4K,
223,annehathaway,Anne Hathaway,Cinema & Actors/actresses,24.9M,United States,466.6K,614.8K,
224,nct,NCT Official Instagram,Music,14.7M,Indonesia,837.5K,1M,
225,ananyapanday,Ananya ğŸ’›ğŸ’«,Cinema & Actors/actresses,23.8M,India,544.6K,636.1K,
226,thinkaboutzu,ì¯”ìœ„ (TZUYU),,8.1M,India,1.6M,1.9M,
227,tinistoessel,LaTripleT,Music,18.7M,Argentina,604.2K,808.8K,
228,m.by__sana,ì‚¬ë‚˜ (SANA),Lifestyle,7.6M,Yemen,1.7M,2M,
229,sachintendulkar,Sachin Tendulkar,Sports with a ball,35.8M,India,343.6K,411.9K,Lifestyle
230,janhvikapoor,Janhvi Kapoor,Lifestyle,18.6M,India,664.4K,792.6K,Cinema & Actors/actresses
231,tatawerneck,Tata Werneck,Cinema & Actors/actresses,54.3M,Brazil,174.8K,271.3K,Family
232,tigerjackieshroff,Tiger Shroff,Cinema & Actors/actresses,35.9M,India,337.3K,411K,
233,therealcalebmclaughlin,Caleb McLaughlin,Cinema & Actors/actresses,15.4M,United States,644.2K,946K,Lifestyle
234,jessicah_o,Jessi / á„Œá…¦á„‰á…µ,Music,12.7M,United States,901.3K,1.2M,
235,skuukzky,á„‰á…®á†½á„‹á…µ  ğŸ’„ğŸ’…ğŸ‘¡ğŸ‘ ğŸ€ğŸ‘™ğŸŒ‚ğŸ‘—ğŸŒ‚ğŸ€ğŸ’‹ğŸ’Œ,Clothing & Outfits,18M,Indonesia,656.4K,810K,Music
236,jbalvin,J Balvin,Music,52.9M,Mexico,210.7K,276.6K,
237,bretmanrock,Bretman (Da Baddest) Rock,Art/Artists,18.5M,United States,466.6K,785.6K,Beauty
238,iamferv,fer,Lifestyle,10.7M,Mexico,922.8K,1.4M,Art/Artists
239,awez_darbar,Awez Darbar,Shows,23.8M,India,503.2K,602.9K,Cinema & Actors/actresses
240,paulolondra,Paulo londra,Music,13.7M,Argentina,669.6K,1M,
241,somsomi0309,ENNIK ì „ì†Œë¯¸,Music,15.7M,Indonesia,751.6K,908.9K,
242,angelrai07,Angel Rai :),Cinema & Actors/actresses,23.2M,India,512.8K,618.1K,Art/Artists
243,theestallion,Megan Thee Stallion,Music,29.8M,United States,274.6K,479.6K,
244,lilyjcollins,Lily Collins,Cinema & Actors/actresses,26.8M,United States,350.9K,522.5K,
245,brunomars,Bruno Mars,Music,26.1M,Brazil,356.8K,541.2K,
246,keerthysureshofficial,Keerthy Suresh,Beauty,13.6M,India,894.4K,1M,Cinema & Actors/actresses
247,justintimberlake,Justin Timberlake,Music,65.8M,United States,158.7K,212.1K,Art/Artists
248,_imyour_joy,Joy,Lifestyle,14.3M,Indonesia,809.1K,967.2K,
249,michaelbjordan,Michael B. Jordan,Cinema & Actors/actresses,18.7M,United States,442.7K,733.8K,
250,riyaz.14,Riyaz Aly,Lifestyle,27.4M,India,389.4K,507.1K,Art/Artists
251,lizgillz,Elizabeth Gillies,Music,14M,Mexico,666.1K,964.4K,Cinema & Actors/actresses
252,greeicy,Greeicy,Shows,21.4M,Colombia,471.1K,632.3K,Cinema & Actors/actresses
253,carlinhosmaiaof,Carlinhos MaiağŸŒ»,Lifestyle,26.1M,Brazil,287.6K,527.7K,
254,iansomerhalder,iansomerhalder,Cinema & Actors/actresses,23.4M,United States,378.7K,566.3K,
255,marshmello,marshmello,Music,29.6M,United States,308.2K,445.2K,
256,kevinhart4real,Kevin Hart,Cinema & Actors/actresses,152.5M,United States,68.9K,87.3K,
257,dixiedamelio,dixie,Music,24.7M,United States,362.6K,531K,Clothing & Outfits
258,min9yu_k,ê¹€ë¯¼ê·œ,Music,7.7M,Indonesia,1.4M,1.7M,
259,chaeyo.0,ì±„ì˜ (CHAEYOUNG),Lifestyle,7.1M,Philippines,1.7M,1.9M,
260,aron.piper,ARONğŸŒœğŸŒ,Music,13.6M,Brazil,508.5K,957.9K,Lifestyle
261,ranveersingh,Ranveer Singh,Cinema & Actors/actresses,41.1M,India,242.9K,316.2K,Modeling
262,luissuarez9,Luis SuÃ¡rez,Sports with a ball,44.4M,Brazil,195K,292.1K,
263,postmalone,,Music,22.9M,United States,366.4K,560.1K,
264,katherinelangford,KATHERINE LANGFORD,Cinema & Actors/actresses,29.7M,India,301K,429.2K,
265,kehlani,Kehlani,Music,14.2M,United States,573.5K,892.7K,Family
266,coldplay,Coldplay,Music,18.6M,Brazil,489.5K,682.4K,
267,samoylovaoxana,Samoylova Oxana,Family,15.3M,Russia,605K,820.4K,Lifestyle
268,lestykejora,Lestikejora,Music,26M,Indonesia,370.8K,479.9K,
269,xxxibgdrgn,á„€á…¯á†«á„Œá…µá„‹á…­á†¼(æ¬Šå¿—é¾),Photography,21.3M,Indonesia,453.6K,574.9K,Fashion
270,garethbale11,Gareth Bale,Sports with a ball,48.1M,Spain,161.5K,253.1K,
271,yellow_3to3,REN JUN,Lifestyle,6.3M,Indonesia,1.6M,2M,Music
272,yoona__lim,,Cinema & Actors/actresses,14.1M,Indonesia,724K,866.1K,
273,sophiet,S O P H I E T U R N E R,Cinema & Actors/actresses,14.7M,United States,608.8K,818.5K,
274,_zyozyo,JIHYO,Lifestyle,6.8M,Indonesia,1.4M,1.8M,
275,holyhaein,ì •í•´ì¸,Lifestyle,10.3M,Indonesia,946.5K,1.2M,Music
276,heybiblee,á„‹á…µá„‰á…¥á†¼á„€á…§á†¼,Modeling,14.5M,Indonesia,604.9K,816.6K,
277,klrahul,KL RahulğŸ‘‘,Sports with a ball,13.1M,India,709.6K,906.1K,
278,e_xiu_o,XIUMIN,Music,8.2M,Indonesia,1.3M,1.5M,
279,brunamarquezine,Bruna Marquezine,Cinema & Actors/actresses,43.2M,Brazil,159.6K,276.5K,
280,manurios,Manu Rios,Shows,11M,Mexico,637.6K,1.1M,
281,m10_official,Mesut OÌˆzil,Sports with a ball,24.1M,Turkey,346.5K,486K,
282,ashishchanchlani,Ashish Chanchlani,Cinema & Actors/actresses,14.6M,India,651.2K,796.2K,
283,realbarbarapalvin,Barbara Palvin,Modeling,18.3M,Russia,471.8K,636.7K,Fashion
284,juliette,Juliette,Cinema & Actors/actresses,33.3M,Brazil,223.4K,355.1K,
285,bhuvan.bam22,Bhuvan Bam,Cinema & Actors/actresses,14.8M,India,629K,778.6K,
286,kunaguero,Sergio Leonel AguÌˆero,Sports with a ball,23.9M,Argentina,278.5K,481.6K,
287,wizkhalifa,Wiz Khalifa,Music,39M,India,209K,292.6K,Art/Artists
288,perrieedwards,Perrie Edwards ğŸ–¤,Modeling,15.9M,Brazil,457.2K,713.6K,
289,burakozcivit,Burak OÌˆzcÌ§ivit,Cinema & Actors/actresses,22.1M,Turkey,426.4K,517.5K,
290,kimjuncotton,SUHO,Lifestyle,10.4M,Indonesia,920.8K,1.1M,Music
291,psg,Paris Saint-Germain,Sports with a ball,62.7M,Brazil,107.5K,179.5K,
292,evaluna,Evaluna Montaner de Echeverry,Family,20.7M,Argentina,392.1K,540.3K,Music
293,iammichelemorroneofficial,Michele Morrone,Lifestyle,15.4M,Brazil,508.9K,730.4K,Cinema & Actors/actresses
294,asaprocky,GRIM,Music,15M,United States,444.5K,742.7K,
295,trippieredd,555,Music,13.1M,United States,436K,854.1K,
296,thenotoriousmma,Conor McGregor Official,Fitness & Gym,45.8M,United States,166.5K,241.3K,
297,mina_sr_my,ë¯¸ë‚˜ (MINA),,6.7M,Indonesia,1.4M,1.7M,
298,nicki.nicole,,Music,12.5M,Argentina,590.8K,873.5K,
299,cbum,Chris Bumstead,Fitness & Gym,10.3M,United States,635.7K,1.1M,
300,johnnyjsuh,Johnny Suh,Lifestyle,8.8M,Indonesia,955.1K,1.2M,Music
301,kevindebruyne,Kevin De Bruyne,Sports with a ball,19.1M,United Kingdom,361.5K,559.4K,
302,hi_sseulgi,ìŠ¬ê¸° Seulgi,Modeling,12.7M,Indonesia,667.7K,836.9K,
303,rauwalejandro,RAULEETO,Music,15.1M,Spain,487.8K,708K,
304,louispartridge_,LouisğŸ’,Cinema & Actors/actresses,7.5M,United States,957.6K,1.4M,
305,larasilva,Lara Silva âš ï¸,Shows,17.4M,Brazil,394.5K,608.4K,Adult content
306,eminem,Marshall Mathers,Cinema & Actors/actresses,36.6M,Iran,221.2K,285.6K,Music
307,keniaos,Kenia Os,Music,13.9M,Mexico,576.3K,749.1K,
308,bellathorne,BELLA,Music,25.4M,United States,244.4K,410K,Art/Artists
309,ross_lynch,Ross Shor Lynch,Music,10.9M,United States,472K,942.5K,Cinema & Actors/actresses
310,arigameplays,ARIGAMEPLAYS,Lifestyle,11.6M,Mexico,732.7K,879.7K,Gaming
311,fedez,FEDEZ,Music,14.4M,Italy,513.6K,710.1K,
312,txt_bighit,TOMORROW X TOGETHER OFFICIAL,,12.9M,Indonesia,624.5K,788.2K,
313,nattyiceofficial,natalia dyer,Cinema & Actors/actresses,9M,United States,768.2K,1.1M,Modeling
314,attahalilintar,Atta Halilintar - PAPATA,Art/Artists,24.1M,Indonesia,307.7K,420.5K,Shows
315,neslihanatagul,Neslihan AtaguÌˆl DogÌ†ulu,Cinema & Actors/actresses,13.5M,Turkey,607.1K,775.6K,Modeling
316,wizkidayo,BIG WIZğŸ¦…,Music,15.2M,Nigeria,351.9K,681.6K,
317,c.syresmith,Jaden Smith,Cinema & Actors/actresses,19.2M,United States,337.1K,521.9K,Lifestyle
318,xeesoxee,á„’á…¡á†«á„‰á…©á„’á…´,Lifestyle,9.7M,Indonesia,793.7K,1M,
319,sofiacarson,Sofia Carson,Music,20.4M,Brazil,360.6K,488.9K,Cinema & Actors/actresses
320,duki,Ya Supiste,Music,10.7M,Argentina,601.9K,926.1K,
321,mr_faisu_07,FAISAL SHAIKH,Modeling,28.3M,India,278.3K,354.7K,Cinema & Actors/actresses
322,taeoxo_nct,TAEYONG,Lifestyle,9.7M,Indonesia,786.4K,1M,Music
323,sureshraina3,Suresh Raina,Modeling,21.2M,India,414.4K,467.4K,
324,nct_dream,NCT DREAM OFFICIAL,Music,10.5M,Indonesia,843.8K,942.8K,Modeling
325,raphaelvarane,Raphael Varane,Sports with a ball,19.6M,Spain,332.3K,498.7K,
326,tenlee_1001,TEN_+â€¢10,Music,10M,Indonesia,781K,1M,
327,alexandradaddario,alexandra daddario,Cinema & Actors/actresses,22.6M,India,353.9K,432.4K,
328,winmetawin,Win Metawin O.,Lifestyle,14.1M,Philippines,617.5K,698.9K,
329,chiaraferragni,Chiara Ferragni âœ¨,Beauty,27.9M,Italy,210.3K,349K,
330,maya_hawke,Maya Hawke,Cinema & Actors/actresses,10.3M,United States,683.5K,946.2K,
331,sza,SZA,Music,12.6M,United States,458K,774.2K,
332,wwiinn_7,WINWIN,,7.5M,Indonesia,1.1M,1.3M,
333,chadwickboseman,Chadwick Boseman,Cinema & Actors/actresses,11.4M,Brazil,602.3K,844.6K,Literature & Journalism
334,jadepicon,JADE ğŸŒª,Modeling,21M,Brazil,212.6K,466.4K,Fashion
335,jy_piece,ìœ ì •ì—°,,5.5M,Brazil,1.4M,1.8M,
336,mont.pantoja,MONT,,12.4M,Mexico,640.3K,761.6K,
337,madhuridixitnene,Madhuri Dixit,Music,33M,India,247.5K,286.3K,Cinema & Actors/actresses
338,ibaillanos,Ibai,Art/Artists,8.2M,Spain,806.8K,1.2M,
339,marvelstudios,Marvel Studios,Cinema & Actors/actresses,38.3M,India,217.6K,244K,Comics & sketches
340,haechanahceah,HAECHAN,,4.7M,Indonesia,1.8M,2M,
341,khabib_nurmagomedov,Ğ¥Ğ°Ğ±Ğ¸Ğ± ĞÑƒÑ€Ğ¼Ğ°Ğ³Ğ¾Ğ¼ĞµĞ´Ğ¾Ğ²,Fitness & Gym,33.6M,Russia,196.8K,276.1K,
342,luisasonza,LUÃSA SONZA,Music,30.4M,Brazil,193K,305.8K,Lifestyle
343,hyunah_aa,Hyun Ah,Music,18.2M,South Korea,415.6K,492.7K,
344,aespa_official,aespa á„‹á…¦á„‰á…³á„‘á…¡,Music,9.5M,Indonesia,662.9K,953.2K,
345,juventus,Juventus,Sports with a ball,55M,India,112.3K,164.9K,
346,dahhyunnee,ë‹¤í˜„ (DAHYUN),Music,6.4M,Brazil,1.2M,1.4M,
347,michelleobama,Michelle Obama,Finance & Economics,51M,United States,155K,173.1K,Business & Careers
348,houseofhighlights,House of Highlights,Sports with a ball,36.1M,United States,130K,238.1K,
349,stephencurry30,Wardell Curry,Sports with a ball,46.2M,United States,138.5K,185.3K,Family
350,teddysphotos,Ed Sheeran,Music,40.5M,United States,155.7K,211.8K,
351,premierleague,Premier League,Sports with a ball,59.5M,United Kingdom,97.9K,142.5K,
352,avneetkaur_13,Avneet Kaur Official,Cinema & Actors/actresses,32.6M,India,213.8K,260.5K,
353,joeyking,Joey King,Music,19.1M,Brazil,308.4K,441.4K,Cinema & Actors/actresses
354,mingue.k,ê¹€ë¯¼ê·œ,Lifestyle,6.3M,Indonesia,1.1M,1.4M,Music
355,bighit_ent,BigHit Music Updates,Music,12.8M,Indonesia,531.3K,654.7K,
356,jairmessiasbolsonaro,Jair M. Bolsonaro,Finance & Economics,21.5M,Brazil,288K,397.5K,Business & Careers
357,demetozdemir,Demet OÌˆzdemir,Cinema & Actors/actresses,15.6M,India,420.3K,536K,
358,sommerray,Sommer Ray,Modeling,26.2M,United States,202.7K,318.1K,
359,auba,Pierre-Emerick Aubameyang,Sports with a ball,13.3M,United Kingdom,393K,625K,
360,bronny,,Sports with a ball,6.6M,United States,689.4K,1.3M,Winter sports
361,belindapop,Beli,Music,15.6M,Mexico,369.3K,529.1K,
362,m_kayoung,MUN KA YOUNG,Cinema & Actors/actresses,8.6M,Indonesia,730.4K,972K,
363,prattprattpratt,Chris Pratt,Cinema & Actors/actresses,38.9M,United States,161.1K,210.9K,
364,pubity,Pubity,Humor & Fun & Happiness,31.8M,United States,175.9K,257.2K,
365,yuyacst,ğ“¨ğ’–ğ’šğ’‚,Modeling,17.1M,Mexico,309.4K,474.9K,
366,anguscloud,Angus Cloud,Music,7.9M,United States,631.3K,1M,
367,liltjay,TJAYYYY ğŸ–¤,Lifestyle,7.6M,United States,590.7K,1.1M,Music
368,taina,TainaÌ Costa,Music,16.2M,Brazil,239.5K,500.1K,
369,alwaysramcharan,Ram Charan,Cinema & Actors/actresses,8.4M,India,866.5K,970.4K,
370,joaogomescantor,ACREDITE ğŸ§¡,Music,13.8M,Brazil,214.2K,586.2K,Cinema & Actors/actresses
371,_mariahwasa,HWASA,Music,8.3M,Brazil,756.3K,975.9K,
372,9gag,9GAG: Go Fun The World,Humor & Fun & Happiness,58M,Indonesia,107.8K,138.1K,
373,abdevilliers17,AB de Villiers,Sports with a ball,19M,India,360.8K,416.3K,Lifestyle
374,davido,Davido,Music,25.2M,Nigeria,231.2K,323K,Lifestyle
375,colesprouse,Cole Sprouse,Modeling,35.8M,United States,168.7K,220.3K,
376,adamweitsman,Adam Weitsman,Business & Careers,18.5M,Russia,313.6K,427.6K,
377,conangray,Conan Gray,Music,6.9M,Brazil,781.3K,1.2M,
378,anyataylorjoy,Anya Taylor-Joy,Modeling,9.1M,United States,610.6K,880K,Cinema & Actors/actresses
379,markruffalo,Mark Ruffalo,Cinema & Actors/actresses,20.9M,Brazil,298.7K,375.9K,
380,raffinagita1717,Raffi Ahmad and Nagita Slavina,Shows,64.3M,Indonesia,83.6K,122.1K,
381,lildurk,DURKIOOO,Music,14.2M,United States,197.6K,556.7K,Art/Artists
382,rohitsharma45,Rohit Sharma,Sports with a ball,25M,India,276.8K,312.6K,Lifestyle
383,easportsfifa,EA SPORTS FIFA,Sports with a ball,27.4M,Spain,169.7K,284.8K,
384,hshq,Harry Styles HQ,Music,6.7M,United States,670.6K,1.2M,Cinema & Actors/actresses
385,andressasuita,Andressa Suita,Modeling,15.8M,Brazil,300.4K,498.4K,
386,clean_0828,á„€á…µá†·á„‰á…¦á„Œá…¥á†¼,Lifestyle,8.4M,Indonesia,756.6K,943.5K,
387,geneliad,Genelia Deshmukh,Cinema & Actors/actresses,10.5M,India,595.1K,737.2K,
388,hassan_reyvandi,hasan reyvandi Ø­Ø³Ù† Ø±ÛŒÙˆÙ†Ø¯ÛŒ,Cinema & Actors/actresses,19.8M,Iran,285.7K,395K,Humor & Fun & Happiness
389,hannahstocking,Hannah Stocking,Modeling,22.8M,United States,238.7K,339.3K,
390,yuu_taa_1026,ä¸­æœ¬æ‚ å¤ªã€€YUTA,,8.6M,Indonesia,697.2K,913.2K,
391,nba_youngboy,PAIN REAL.ğŸ©¸,Art/Artists,10.6M,United States,387.5K,749.8K,Music
392,miguel.g.herran,Miguel HerraÌn,Cinema & Actors/actresses,13.7M,Brazil,369.7K,556.3K,
393,anupamaparameswaran96,Anupama Parameswaran,Cinema & Actors/actresses,12.5M,India,531.8K,608.4K,
394,dntlrdl,CHOIWOOSHIK,Lifestyle,6.9M,Indonesia,852.4K,1.1M,
395,gianlucavacchi,Gianluca Vacchi,Lifestyle,22.5M,Brazil,217.9K,335.2K,
396,antogriezmann,Antoine Griezmann,Sports with a ball,36.6M,Spain,127.4K,205.4K,
397,fabriziorom,Fabrizio Romano,Literature & Journalism,11M,Italy,395.7K,684.5K,Shows
398,britneyspears,Channel 8,Music,42.1M,United States,130.3K,182.1K,
399,jheneaiko,JheneÌ Aiko Efuru Chilombo ğŸ”®,Music,15.1M,United States,282K,494.6K,
400,alfinetei,Alfinetadas Dos Famosos ğŸ“Œ,Humor & Fun & Happiness,21.9M,Brazil,154.6K,347.8K,
401,prillylatuconsina96,Prilly Latuconsina,Cinema & Actors/actresses,49.2M,Indonesia,107.8K,151.7K,Music
402,kjapa,KJ Apa,Cinema & Actors/actresses,18.5M,United States,281.6K,402.2K,
403,juanpazurita,Juanpa Zurita,Cinema & Actors/actresses,30.5M,Mexico,171K,243.4K,
404,pugachevmark,Mark Pugachev,Cars & Motorbikes,15.1M,Russia,334.7K,491.7K,Luxury
405,layzhang,Lay Zhang,Music,14.2M,Indonesia,499K,528.9K,
406,maisa,+A,Music,45M,Brazil,121.2K,165.1K,
407,hunterschafer,Hunter,Lifestyle,7.2M,United States,633.4K,1M,Music
408,amandacerny,Amanda ğ•®ğ–Šğ–—ğ–“ğ–,Humor & Fun & Happiness,23.7M,India,194K,311K,
409,alissaviolet,Alissa Violet,Modeling,11.8M,United States,387.5K,623.4K,
410,dindahw,Dinda Hauw,Cinema & Actors/actresses,14.6M,Indonesia,336.2K,503.6K,
411,lilyachty,C.V T,Humor & Fun & Happiness,10.4M,United States,349.6K,712.3K,Lifestyle
412,peytonlist,Peyton List,Cinema & Actors/actresses,20.3M,United States,238.7K,358.7K,
413,florencepugh,Florence Pugh,Humor & Fun & Happiness,8.1M,United States,594.7K,909.5K,Cinema & Actors/actresses
414,evcenf,Fahriye Evcen OÌˆzcÌ§ivit,Lifestyle,13.1M,Turkey,440.9K,556.4K,Beauty
415,aliiiiiiiikarimi8,Ali Karimi,Sports with a ball,10M,Iran,496.4K,752.5K,
416,bellapoarch,Bella Poarch,Lifestyle,13.9M,United States,384.4K,520K,Music
417,o.dembele7,Ousmane DembÃ©lÃ©,Sports with a ball,11.6M,Spain,361.6K,618.6K,
418,jinyoung_0922jy,ë°•ì§„ì˜,Music,10M,Indonesia,553.5K,732K,
419,nba,NBA,Sports with a ball,70.9M,United States,62.2K,100.9K,
420,dannapaola,Danna Paola,Music,34.8M,Mexico,141.5K,205.4K,
421,simonemendes,Simone Mendes,Music,35.6M,Brazil,159.6K,201.4K,
422,hakkiakdenizz,hakki akdeniz,Business & Careers,26.6M,Russia,183.8K,266.4K,
423,ksi,KSI,Music,12.1M,United Kingdom,418.4K,587.5K,
424,melo,LaMelo Ball,Lifestyle,9.2M,United States,383.6K,779.8K,Music
425,saweetie,,Cinema & Actors/actresses,13.1M,United States,232.4K,540K,
426,daquan,Daquan,Humor & Fun & Happiness,16.7M,United States,274.7K,423.7K,
427,deiveleonardo,Deive Leonardo,Literature & Journalism,12.3M,Brazil,313.4K,576.3K,Trainers & Coaches
428,_seorina,á„‰á…¥á†¯á„‹á…µá†«á„‹á…¡ sá´‡á´Ê€ÉªÉ´á´€,Lifestyle,6.8M,South Korea,843K,1M,Cinema & Actors/actresses
429,ssinz7,ë°•ì‹ í˜œ/Shin Hye Park,Music,13.8M,Indonesia,413.8K,508.5K,Cinema & Actors/actresses
430,yasmine_sabri,Yasmine Sabri,Cinema & Actors/actresses,19.6M,Egypt,256.8K,360.2K,Lifestyle
431,krisjenner,Kris Jenner,Shows,49.9M,United States,92.1K,140K,Beauty
432,marktuan,Mark Tuan,Music,13M,Indonesia,427.6K,539.6K,Cinema & Actors/actresses
433,rezagolzar,Mohammad Reza Golzar,Cinema & Actors/actresses,12.3M,Iran,398.6K,575.9K,
434,ana_d_armas,A N A   D E   A R M A S,Cinema & Actors/actresses,8.2M,United States,636.5K,861.1K,
435,frenchmontana,French Montana,Music,30.7M,United States,139.4K,229.8K,
436,shehnaazgill,Shehnaaz Gill,Cinema & Actors/actresses,12.3M,India,483K,606.5K,Music
437,wi__wi__wi,á„‹á…±á„’á…¡á„Œá…®á†« Wi Ha Jun,Lifestyle,10M,South Korea,568K,683.5K,Music
438,jennaortega,Jenna Ortega,Cinema & Actors/actresses,8.6M,United States,561.4K,799.6K,Lifestyle
439,jasonderulo,Jason Derulo,Music,12.8M,United States,370K,529.5K,
440,barbieferreira,barbie ferreira,Music,6.2M,United States,610.8K,1.1M,Cinema & Actors/actresses
441,yaocabrera,Yao Cabrera,Crypto,16.9M,Argentina,185.2K,402K,NFT
442,mclomaofficial,Paloma Santos ğŸŸ,Music,8.8M,Brazil,451.8K,773.6K,
443,for_everyoung10,ì¥ì›ì˜ WONYOUNG,Lifestyle,5.9M,Indonesia,917.3K,1.2M,
444,frenkiedejong,Frenkie de Jong,Sports with a ball,10.8M,Spain,411.6K,618.3K,
445,paulwesley,Paul Wesley,Cinema & Actors/actresses,12.4M,Brazil,358.4K,535.9K,
446,canelo,Saul Alvarez,Fitness & Gym,13.7M,Mexico,343.9K,478.8K,
447,i_m_hendery,HiğŸ‘‰ğŸ»im HenderyğŸ‘ˆğŸ»,,6.4M,United States,800.5K,1M,
448,polo.capalot,Polo.GğŸ,Music,10.5M,United States,375.2K,617.1K,
449,iscoalarcon,Isco Alarcon Suarez,Sports with a ball,25.5M,Spain,177.1K,256.2K,
450,parineetichopra,ğ™¿ğšŠğš›ğš’ğš—ğšğšğšğš’ ğ™²ğš‘ğš˜ğš™ğš›ğšŠ ğŸ«§,Cinema & Actors/actresses,37.7M,India,148.6K,171.7K,
451,maudyayunda,Maudy Ayunda,Music,17.3M,Indonesia,251.9K,371.4K,
452,princessyahrini,SYAHRINI,Music,40.2M,Indonesia,122.1K,159.8K,
453,romeosantos,Romeo Santos,Music,19.3M,United States,273.3K,338.1K,
454,soohyun_k216,á„€á…µá†·á„‰á…®á„’á…§á†« Kim Soo Hyun é‡‘ç§€è³¢,,13.9M,Indonesia,378.4K,460.9K,
455,vanessahudgens,ğŸ”®Vanessa HudgensğŸ”®,Cinema & Actors/actresses,47.3M,United States,82.3K,135.2K,
456,marvel,Marvel Entertainment,Cinema & Actors/actresses,66.5M,United States,80.9K,96K,Comics & sketches
457,susana.dxoxo,Susane Damouni,,13.7M,India,298.6K,481.3K,
458,leonardodicaprio,Leonardo DiCaprio,Cinema & Actors/actresses,54.7M,United States,94.1K,117.5K,
459,pablogavi,GAVI,Sports with a ball,6.3M,Spain,701.9K,1M,
460,yejinhand,ì†ì˜ˆì§„,Cinema & Actors/actresses,7.1M,Indonesia,699.6K,910.7K,
461,skaijackson,S K A I,Lifestyle,8M,United States,455.1K,803K,
462,sadiomaneofficiel,Sadio Mane,Sports with a ball,12.3M,United Kingdom,363K,517.5K,
463,liverpoolfc,Liverpool Football Club,Sports with a ball,40.5M,United Kingdom,112K,156.2K,
464,toni.kr8s,Toni Kroos,Sports with a ball,35.5M,Germany,131.4K,178.6K,
465,indiancricketteam,Team India,Sports with a ball,25.8M,India,209.6K,244.4K,
466,yerimiese,Yeri,Lifestyle,10.7M,Indonesia,464.7K,575.6K,
467,mo.on_air,TAEIL,,5.1M,Indonesia,1.1M,1.2M,
468,joshu_acoustic,Joshua Hong,Music,5.1M,India,1M,1.2M,
469,xuminghao_o,The8 ë””ì—ì‡,Music,5.5M,Indonesia,913K,1.2M,
470,alok,Alok Petrillo,Music,27.9M,Brazil,172.9K,221.3K,Art/Artists
471,jessnolimit,Jess No Limit,Shows,7.3M,Indonesia,717.7K,859.9K,
472,nianaguerrero,Niana,Music,14.2M,Indonesia,342.1K,429.3K,Kids & Toys
473,mathildtantot,Mathilde,Lifestyle,10M,United States,401.3K,607.4K,Modeling
474,leaelui,Lea Elui G,Modeling,11.4M,India,320.5K,538.8K,Lifestyle
475,nattinatasha,NATTI NATASHA,Music,36M,Mexico,141.6K,170K,Cinema & Actors/actresses
476,lilpeep,lil peep,Music,7.6M,United States,477.5K,802.1K,
477,kyo1122,Song hyekyo,Cinema & Actors/actresses,13.4M,Indonesia,350.1K,445.8K,
478,vinniehacker,â€ ,Lifestyle,5.9M,United States,495K,1M,
479,navidmohammadzadeh,navid mohammadzadeh,Cinema & Actors/actresses,8.6M,Iran,499.8K,705.6K,
480,netflix,Netflix US,Cinema & Actors/actresses,31.3M,Brazil,116.1K,190.4K,Shows
481,charles_leclerc,Charles Leclerc,Racing Sports,8.8M,Italy,512.5K,680.6K,
482,jakepaul,Jake Paul,Cinema & Actors/actresses,20.7M,United States,172.3K,288.9K,
483,djxiao_888,XIAOJUN,Music,7M,Indonesia,687.1K,859.4K,
484,cazzu,â™¡ ğ–“ğ–Šğ–“ğ–† á´›Ê€á´€á´á´˜á´€,Music,10.5M,Argentina,437.9K,561.2K,
485,jokowi,Joko Widodo,Finance & Economics,48.1M,Indonesia,98.8K,124.7K,
486,memphisdepay,Memphis Depay,Sports with a ball,15.5M,France,212.5K,376.6K,
487,obj,Odell Beckham Jr,Sports with a ball,16.5M,United States,185.9K,354K,
488,caviarmagnat,Anton Tregubov,Lifestyle,15.2M,Russia,267.8K,386.9K,
489,davikah,davikah,Modeling,17.1M,Thailand,260.5K,337.5K,
490,jailyneojeda,Jailyne Ojeda Ochoa,Modeling,14.1M,United States,297.3K,411.4K,Lifestyle
491,bramastavrl,Verrell Bramasta,Cinema & Actors/actresses,25.1M,Indonesia,182.9K,231.4K,Lifestyle
492,rafaelnadal,Rafa Nadal,Sports with a ball,16.4M,Spain,282.2K,352.9K,
493,rogerfederer,Roger Federer,Sports with a ball,10.2M,Spain,437.2K,566K,
494,dra.deolanebezerra,Deolane Bezerra âš–ï¸,Beauty,15.2M,Brazil,178.7K,384K,Lifestyle
495,phil.coutinho,Philippe Coutinho,Sports with a ball,24.9M,Brazil,141.7K,230.3K,
496,jensenackles,Jensen Ackles,Cinema & Actors/actresses,10M,United States,451.7K,586.9K,
497,gisele,Gisele BuÌˆndchen,Modeling,19.8M,Brazil,196.9K,292.6K,Fashion
498,dababy,BILLION DOLLAR BABY ğŸ‘¶ğŸ¾,Music,21.3M,United States,166.7K,271.1K,
499,d_degeaofficial,David De Gea,Sports with a ball,13.8M,United Kingdom,293.1K,414.8K,
500,d_a___m_i,KIM DA MI,,4.6M,Indonesia,1M,1.2M,
501,reesewitherspoon,Reese Witherspoon,Cinema & Actors/actresses,28.4M,United States,168.1K,201.4K,
502,imouniroy,mon,Cinema & Actors/actresses,24.6M,India,190K,231.1K,
503,mariabecerra,Maria Becerra,Music,10.5M,Argentina,229K,541.2K,
504,charlieputh,Charlie Puth,Music,16.7M,United States,238.6K,339.2K,
505,netflixbrasil,Netflix Brasil,Shows,32.8M,Brazil,101K,172.4K,Cinema & Actors/actresses
506,vickykaushal09,Vicky Kaushal,Lifestyle,14.2M,India,337.7K,396.3K,Cinema & Actors/actresses
507,amauryguichon,Amaury Guichon,Food & Cooking,9.7M,United States,484.6K,590.4K,
508,rachel_mypark,á„‡á…¡á†¨á„†á…µá†«á„‹á…§á†¼ Minyoung Park,Cinema & Actors/actresses,10.3M,Indonesia,437.3K,544.7K,
509,sportscenter,SportsCenter,Sports with a ball,31.8M,United States,98.4K,176.6K,Shows
510,srinidhi_shetty,Srinidhi Shetty ğŸŒ¸,Beauty,4.5M,India,941.2K,1.3M,Cinema & Actors/actresses
511,gusttavolima,ğŸ› Gusttavo Lima ğŸ›,Music,44.1M,Brazil,77.3K,128.6K,
512,yangyang_x2,YangYang á„‹á…£á†¼á„‹á…£á†¼,Music,6.5M,Indonesia,688K,873.8K,
513,golfarahani,Golshifteh Farahani,Cinema & Actors/actresses,13.8M,Iran,314.8K,405.8K,
514,goar_avetisyan,Goar Avetisyan,Beauty,11.6M,Russia,345K,477.8K,
515,earthpix,ğŸŒ  EarthPix  ğŸŒ,Nature & landscapes,23.3M,United States,183.6K,238.2K,Photography
516,jungkook_bighitentertainment,JUNGKOOK (ì „ì •êµ­) Updates,Management & Marketing,9.3M,Brazil,531.7K,603.3K,Music
517,lilnasx,MONTERO,Music,12.4M,United States,264.9K,443.3K,
518,tiffanyyoungofficial,tiffany young,Modeling,12.9M,Indonesia,340.4K,425.8K,Fashion
519,kit.connor,Kit Connor,Cinema & Actors/actresses,4.5M,United States,739.5K,1.2M,Humor & Fun & Happiness
520,sound_of_coups,COUPS,,4.5M,Indonesia,955.9K,1.2M,
521,nickjonas,Nick Jonas,Music,33.2M,United States,115K,163.5K,Art/Artists
522,pozevidalouca,Poze Do Rodo ğŸ¤‘,Lifestyle,8.3M,Brazil,259.9K,652.8K,
523,__youngbae__,TAEYANG,Music,13.8M,Indonesia,340.2K,384.3K,
524,nazriyafahadh,Nazriya Nazim Fahadh,Lifestyle,6.5M,India,616.2K,825.3K,Cinema & Actors/actresses
525,kingbach,King Bach,Music,23.1M,United States,114.4K,229.3K,Art/Artists
526,channingtatum,Channing Tatum,Cinema & Actors/actresses,17M,United States,215K,309.9K,
527,lexibrookerivera,Lexi Rivera,Shows,8.5M,United States,514.8K,643.9K,Humor & Fun & Happiness
528,klaythompson,Klay Thompson,Sports with a ball,13.5M,United States,267.9K,389.4K,Lifestyle
529,angelinajolie,Angelina Jolie,,13.6M,Brazil,234.1K,388.6K,
530,k.kbeom,á„€á…µá†·á„‡á…¥á†· kimbum,,5.5M,Indonesia,796.3K,973.9K,
531,loud_victor,Victor Augusto,Lifestyle,10.7M,Brazil,380.7K,485K,Sports with a ball
532,araujovivianne,Viviane Araujo,Cinema & Actors/actresses,13.8M,Brazil,289.9K,380.9K,
533,urstrulymahesh,Mahesh Babu,Cinema & Actors/actresses,8.8M,India,538.5K,592.8K,
534,barackobama,Barack Obama,Finance & Economics,35.4M,United States,125.9K,149.3K,Business & Careers
535,larissamanoela,Larissa Manoela,Cinema & Actors/actresses,47.1M,Brazil,65.8K,109.2K,
536,centralcee,ğŸ“²,Lifestyle,4.7M,United Kingdom,449.5K,1.1M,Music
537,araikgalstyanmoscowschool,ï¼¡ï¼²ï¼¡ï¼©ï¼«  ï¼§ï¼¡ï¼¬ï¼³ï¼´ï¼¹ï¼¡ï¼®Â®ï¸ğŸ‡¦ğŸ‡²,Beauty,17.1M,Turkey,232.2K,300.1K,
538,mirella,BAD MI âš¡ï¸ MIRELLA,Music,26.9M,Brazil,90.4K,190.6K,
539,julesleblanc,julianna,Music,9.8M,United States,364.7K,527.6K,Shows
540,lucasranngel,LUCAS RANGEL,Lifestyle,20.1M,Brazil,115.1K,254.8K,
541,7_luhan_m,é¹¿ Han,Music,12.7M,Indonesia,332.8K,404.2K,
542,aboflah,AboFlah,Humor & Fun & Happiness,7.4M,Iraq,593.3K,708.4K,
543,gururandhawa,Guru Randhawa,Music,33M,India,126.3K,155.2K,
544,superstar_dewasi99,SUPERSTARDEWASI 99,Music,13.5M,India,238.6K,376.9K,Cinema & Actors/actresses
545,cvillaloboss,CARMEN VILLALOBOS,Shows,20.6M,Colombia,197.7K,243.5K,Cinema & Actors/actresses
546,faz3,Fazza,Lifestyle,14.7M,United Arab Emirates,263.8K,345.4K,
547,markiplier,Markiplier,Shows,10.6M,United States,411.9K,469.2K,
548,dylansprouse,Dylan Sprouse,Cinema & Actors/actresses,9.1M,United States,353.3K,554.7K,
549,melissamelmaia,MEL MAIA ğŸ¯,Music,13.5M,Brazil,204.4K,370.2K,
550,theellenshow,Ellen DeGeneres,Shows,124.4M,United States,33.4K,40.2K,Cinema & Actors/actresses
551,fuji_an,Fujianti Utami Putri,Lifestyle,11.8M,Indonesia,177.3K,421.8K,
552,avrillavigne,Avril Lavigne,Music,11.7M,Brazil,341.7K,425.4K,Cinema & Actors/actresses
553,sav.labrant,Savannah Rose LaBrant,Family,7.2M,United States,521.9K,697.8K,Lifestyle
554,donya,Donya,Lifestyle,15.3M,Iran,215.6K,341.3K,
555,avengers,Avengers,Cinema & Actors/actresses,13.6M,India,289.2K,362K,
556,briandadeyanara,BRIANDA ğŸ’–,Lifestyle,13.5M,Mexico,309K,362.8K,
557,shaymitchell,Shay Mitchell,Beauty,34.4M,United States,100.2K,140.5K,Family
558,gabigol,( Lil ) Gabi,Sports with a ball,10.2M,Brazil,316.1K,478.8K,
559,camilo,C A M I L O,Music,27.6M,Argentina,109.9K,174.2K,
560,ncentineo,Noah,Cinema & Actors/actresses,16.4M,Brazil,174.1K,289.4K,
561,chloegmoretz,ChloÃ« Grace Moretz,Cinema & Actors/actresses,21.5M,United States,164.9K,220.6K,
562,agnezmo,AGNEZ MO,Music,29.2M,Indonesia,97.6K,162.2K,
563,39saku_chan,Sakura Miyawaki,Lifestyle,4.3M,Indonesia,894.8K,1.1M,Cinema & Actors/actresses
564,dqsalmaan,Dulquer Salmaan,Cinema & Actors/actresses,11.3M,India,308.2K,416.9K,
565,nusr_et,Nusr_et#Saltbae,Food & Cooking,48M,Turkey,67.2K,99.1K,
566,f1,FORMULA 1Â®,Racing Sports,20.9M,Italy,178.1K,225.1K,
567,juansguarnizo,Juan SebastiÃ¡n Guarnizo,Lifestyle,6.3M,Mexico,685.6K,750.8K,
568,victoriajustice,Victoria Justice,Music,23M,United States,149.8K,205K,Cinema & Actors/actresses
569,apple,apple,Computers & Gadgets,28.4M,India,122K,164.4K,Photography
570,dejesusoficial,Gabriel Jesus,Sports with a ball,18.7M,Brazil,161.2K,249.5K,
571,thehughjackman,Hugh Jackman,Cinema & Actors/actresses,30.5M,United States,134.9K,153.4K,
572,otabek_muhammadalievich,Otabek Umarov,,20.2M,Russia,171.8K,231.1K,
573,beautifuldestinations,BEAUTIFUL DESTINATIONS,Photography,24.7M,United States,139.6K,187.1K,Travel
574,natashawilona12,Natasha Wilona,Beauty,39.4M,Indonesia,98.3K,117.2K,
575,jackharlow,,Lifestyle,6.9M,United States,362.4K,676.9K,Humor & Fun & Happiness
576,anjimaxuofficially,Anjali Arora,Lifestyle,11.9M,India,302.8K,387.5K,Cinema & Actors/actresses
577,kaylanicolejones,,Family,7.4M,United States,295.9K,626.8K,Beauty
578,simaria,Simaria,Music,28.3M,Brazil,111.6K,162.3K,
579,kun11xd,KUN,Lifestyle,6.9M,Indonesia,536.1K,669.1K,Music
580,quackity,quackity,,4.1M,United States,925.1K,1.1M,
581,ludmilla,LUDMILLA,Music,27.9M,Brazil,110.3K,164.6K,
582,yooncy1,ìœ¤ì°¬ì˜ Chan-young Yoon,Lifestyle,4.8M,South Korea,788.8K,949.1K,
583,everyone_woo,Wonwoo,Music,3.6M,Indonesia,999.6K,1.3M,
584,itsmarziapie,Marzia Kjellberg,Beauty,8.3M,United States,450.7K,550.7K,Lifestyle
585,egupta,Esha Gupta,Lifestyle,11.7M,India,309.5K,387.5K,Cinema & Actors/actresses
586,antony00,Antony Santos,Sports with a ball,4.8M,Brazil,519.7K,960.1K,
587,nickyjam,NICKY JAM,Music,43.4M,Spain,75.4K,104.4K,
588,danialves,Daniel Alves,Sports with a ball,37.3M,Brazil,77.8K,120.7K,
589,nessabarrett,ness,Lifestyle,7.3M,United States,461.8K,625.9K,Music
590,sushitrash,JOJI,Music,6.5M,United States,572.6K,700.6K,
591,sugaringcandy,JUNGWOO,,3.5M,South Korea,1.1M,1.3M,
592,parishilton,Paris Hilton,Modeling,20.3M,United States,133K,219.7K,
593,lakers,Los Angeles Lakers,Sports with a ball,20.3M,United States,142.2K,217.8K,
594,matue,,Lifestyle,8.3M,Brazil,297.6K,546.6K,Sports with a ball
595,chelseafc,Chelsea FC,Sports with a ball,35.8M,Indonesia,82.5K,123.3K,
596,bernardokath,Kathryn Bernardo ğŸ˜,Beauty,17.4M,Philippines,208.7K,251.5K,Cinema & Actors/actresses
597,rizkybillar,Muhammad Rizky Billar,Shows,12.9M,Indonesia,265.4K,342.6K,Beauty
598,aurelie.hermansyah,Aurelie Hermansyah Atta,Beauty,27.3M,Indonesia,126.9K,160.6K,
599,elmarianaa,El Mariana,,4.7M,Mexico,833.1K,946.3K,
600,fuckjerry,FUCKJERRY,Humor & Fun & Happiness,16.7M,United States,203.4K,263.9K,
601,alexadellanos,Alexa Dellanos,Lifestyle,10M,United States,283.5K,443.5K,
602,saharghoreyshiofficialpage,Ø³Ø­Ø± Ù‚Ø±ÙŠØ´Ù‰ Sahar Ghoreyshi,,11.7M,Iran,258.1K,378K,
603,ozuna,@ozutochi ğŸ”œ,Music,22.5M,Spain,143.1K,192K,
604,jeonghaniyoo_n,ìœ¤ì •í•œ,Lifestyle,3.7M,Iran,939.9K,1.2M,
605,salmahayek,Salma Hayek Pinault,Cinema & Actors/actresses,21.8M,United States,161.4K,199.5K,
606,leejen_o_423,LEE JENO,,2.2M,,0,2.3M,
607,pledis_boos,ìŠ¹ê´€ SEUNGKWAN,Music,4.6M,Indonesia,780.8K,947.8K,
608,naileadevora,nai,Lifestyle,5.3M,United States,557.5K,823.8K,Music
609,ederbez,Eugenio Derbez,Cinema & Actors/actresses,18.7M,Mexico,204.7K,229.9K,Lifestyle
610,choquei,CHOQUEI,Literature & Journalism,17.6M,Brazil,79.1K,245.6K,
611,_shotaroo_,SHOTARO ã‚·ãƒ§ã‚¦ã‚¿ãƒ­ã‚¦,Lifestyle,5.6M,Indonesia,602.2K,780K,Music
612,vousmevoyez,KRYSTAL,Music,10.4M,Indonesia,318.3K,412.9K,Cinema & Actors/actresses
613,emiliamernes,Emilia Mernes,Music,6.2M,Argentina,370.5K,697.1K,
614,sebastianyatra,Sebastian Yatra,Music,29.9M,Argentina,102.9K,143.7K,Art/Artists
615,pedri,Pedri GonzÃ¡lez,Sports with a ball,7.3M,Spain,0,586.8K,
616,karelyruiz,Karely Ruiz,Lifestyle,7.1M,Mexico,482.7K,605.7K,
617,fortnite,Fortnite,Gaming,25.6M,United States,139.5K,164.6K,Computers & Gadgets
618,memezar,MEMEZAR â€¢ Comedy and Culture,Cinema & Actors/actresses,22.9M,United States,123K,183.2K,
619,theshilpashetty,Shilpa Shetty Kundra,Cinema & Actors/actresses,26.6M,India,136K,158K,
620,quavohuncho,QuavoHuncho,Music,21.7M,United States,117.2K,192.5K,
621,gessicakayane,GKAY,Shows,20.1M,Brazil,101.7K,211.8K,Humor & Fun & Happiness
622,yugyeom,KYUM,Music,11.5M,Brazil,297.8K,357.5K,Art/Artists
623,catherinemcbroom,Catherine Paiz,Family,7.3M,United States,331.5K,569.7K,
624,shreyaghoshal,shreyaghoshal,Music,24.8M,India,147.6K,165K,
625,annakendrick47,Anna Kendrick,Cinema & Actors/actresses,22.2M,United States,140.9K,184.5K,
626,iqbaal.e,Piko - The Forger,Cinema & Actors/actresses,13.7M,Indonesia,172.3K,295.5K,
627,machinegunkelly,the Blonde Don,Music,9.7M,United States,265.3K,426.6K,
628,nikkietutorials,NikkieTutorials,Beauty,16.6M,United States,179.9K,244.7K,
629,francinyehlke,Franciny Ehlke,Beauty,15.6M,Brazil,118.4K,258.9K,
630,yihyun_1208,á„Œá…©á„‹á…µá„’á…§á†« cho yihyun,Lifestyle,5.2M,South Korea,620.4K,785.2K,
631,dbook,Devin,Lifestyle,5.4M,United States,383.7K,754.4K,Sports with a ball
632,adinross,,,3.6M,United States,630.4K,1.3M,
633,sivakarthikeyan,Sivakarthikeyan Doss,,5.3M,India,650.7K,766.4K,
634,tiagopzk,GOTTI A,Music,5.5M,Argentina,319.9K,730.5K,
635,soueunavida,Sou Eu Na Vida,Humor & Fun & Happiness,18.1M,Brazil,116.5K,221.1K,
636,felipeneto,Felipe Neto ğŸ¦‰,Lifestyle,16.3M,Brazil,173.2K,244.7K,
637,simonettalein,Simonetta Lein,Beauty,13M,India,221.1K,304.6K,Cinema & Actors/actresses
638,raashiikhanna,Raashii Khanna,Cinema & Actors/actresses,8.7M,India,387.4K,461.7K,Music
639,dkharbour,David Harbour,Cinema & Actors/actresses,9.8M,United States,310.8K,407K,
640,angeldimariajm,AÌngel Di MariÌa,Sports with a ball,18.5M,Argentina,144.1K,212.5K,
641,nehasharmaofficial,Neha Sharma ğŸ’«,Cinema & Actors/actresses,14.8M,India,229.6K,263.8K,
642,fedevalverde,Fede Valverde,Sports with a ball,6.8M,Spain,408.2K,579.4K,
643,tannerbuchananofficial,Tanner Buchanan Official,Cinema & Actors/actresses,4.1M,United States,595.7K,965.4K,
644,hadise,Hadise,Music,13.9M,Turkey,239.7K,279.5K,Shows
645,smriti_mandhana,Smriti Mandhana,Sports with a ball,6.5M,India,521.7K,604.4K,
646,kingarturo23oficial,Arturo Vidal,Sports with a ball,18.6M,Italy,129.6K,209.1K,
647,urassayas,Urassaya Sperbund,Cinema & Actors/actresses,12M,Thailand,264.4K,321.9K,Modeling
648,kenzie,kenzie â™¡,Art/Artists,14.8M,United States,171.5K,260.9K,
649,mattyperry4,Matthew Perry,Cinema & Actors/actresses,7.8M,Brazil,369.2K,503.8K,
650,ozgecangurelofficial,OÌˆzge GuÌˆrel,Cinema & Actors/actresses,5.8M,Turkey,553.2K,679.9K,
651,ho5hi_kwon,HOSHI,Lifestyle,3.8M,Indonesia,785.4K,1M,
652,ferrari,Ferrari,Luxury,23.1M,United States,126.8K,166.5K,Cars & Motorbikes
653,malutrevejo,MaluÌ ğŸ¦‹ 222ğŸ¤,Music,11.5M,United States,185.9K,333.5K,
654,sonu_sood,Sonu Sood,Cinema & Actors/actresses,17.6M,India,191.1K,218.5K,
655,achrafhakimi,Achraf Hakimi,Sports with a ball,10.2M,Morocco,256.4K,376.7K,
656,lamborghini,Lamborghini,Luxury,32.1M,India,86.2K,118.8K,Cars & Motorbikes
657,djsnake,djsnake,Music,9.8M,India,334.1K,396.6K,
658,sooyoungchoi,Sooyoung Choi,Beauty,7.4M,Indonesia,429.9K,518.8K,Lifestyle
659,rupertgrint,Rupert Grint,Cinema & Actors/actresses,4.6M,Brazil,590.1K,837.3K,Music
660,romanreigns,Joe Anoai aka â€œRoman Reignsâ€,Lifestyle,6.6M,India,449.1K,583.1K,
661,saipallavi.senthamarai,Sai Pallavi,Cinema & Actors/actresses,6.2M,India,537.1K,615.8K,
662,amybethmcnulty,Amybeth,Lifestyle,7.8M,Brazil,354.8K,487.4K,Cinema & Actors/actresses
663,davidalaba,David Alaba,Sports with a ball,10.7M,Spain,247.5K,350.3K,
664,drewstarkey,Drew Starkey,Cinema & Actors/actresses,3.1M,United States,623.6K,1.2M,
665,pokimanelol,pokimane ğŸ¤,Lifestyle,6.2M,United States,468.5K,617K,Shows
666,residente,ReneÌ PeÌrez Joglar,Art/Artists,8.9M,Colombia,281.2K,436.1K,Music
667,virgilvandijk,Virgil van Dijk,Sports with a ball,12.6M,United Kingdom,209.5K,296.9K,
668,geewonii,ê¹€ì§€ì›,,7.8M,Indonesia,370.5K,487.8K,
669,youngdae0302,á„€á…µá†·á„‹á…§á†¼á„ƒá…¢,Music,4.5M,Indonesia,630.6K,832.5K,
670,sanchooo10,Jadon Sancho,Sports with a ball,8.9M,United Kingdom,242.5K,423.8K,
671,candiceking,Candice King,Family,10.1M,Brazil,264K,367.9K,Lifestyle
672,playstation,PlayStation,Gaming,28.9M,United States,104.9K,128.3K,Computers & Gadgets
673,phoebejtonkin,Phoebe Tonkin,Beauty,8.4M,United States,312.2K,445.6K,Cinema & Actors/actresses
674,kareenakapoorkhan,Kareena Kapoor Khan,Family,9.6M,India,311.3K,388.5K,Cinema & Actors/actresses
675,eilirjani,Elton ILIRJANI,Adult content,10.6M,Albania,241.6K,349K,
676,fcbayern,FC Bayern,Sports with a ball,34.2M,Germany,73.3K,107.5K,
677,bleacherreport,Bleacher Report,Sports with a ball,19.6M,United States,95.4K,188.4K,
678,nita_shilimkar,Nita Shilimkar,Lifestyle,11.5M,India,240.5K,318K,Fashion
679,euphoria,euphoria,Photography,7.8M,United States,295.1K,476.3K,Cinema & Actors/actresses
680,theslumpgod,Stokeley,Music,5.4M,United States,399K,694.5K,
681,sincerooficial,Sincero Oficial,Humor & Fun & Happiness,21.7M,Brazil,87.1K,168.6K,
682,elliotpage,,Cinema & Actors/actresses,6.2M,United States,416K,599K,
683,marcusrashford,Marcus Rashford MBE,Sports with a ball,12.8M,United Kingdom,179.9K,284.7K,
684,alvxaro,ALVARO,Lifestyle,9.9M,Brazil,149.9K,374.9K,
685,andreavaldirisos,ANDREA VALDIRI ğŸ‡¨ğŸ‡´,Lifestyle,8.7M,Colombia,299.8K,426.6K,Beauty
686,vanessalopesr_,Vanessa Lopes,Lifestyle,12.4M,Brazil,89.8K,292.6K,Music
687,myketowers,MICHAEL,Music,9.5M,Spain,216.2K,390.1K,
688,grantgust,Grant Gustin,Cinema & Actors/actresses,7.8M,Brazil,334.2K,473.6K,Fashion
689,lacasadepapel,La Casa de Papel,Cinema & Actors/actresses,12.4M,Brazil,193.8K,291.1K,Shows
690,5.min.crafts,5-Minute Crafts,DIY & Design,46.2M,Brazil,56.3K,78.4K,
691,demirose,Demi ğŸŒ¹,Modeling,19.9M,United States,140.5K,183.1K,Lifestyle
692,oprah,Oprah,Art/Artists,21.5M,United States,144.9K,171.3K,Cinema & Actors/actresses
693,aliandooo,Aliando Syarief,Music,17.1M,Indonesia,136.4K,217.4K,Cinema & Actors/actresses
694,dylanminnette,Dylan Minnette,Music,7.3M,United States,307.2K,499.5K,Cinema & Actors/actresses
695,adidasfootball,adidas Football,Sports with a ball,31.7M,Brazil,82.9K,113.1K,
696,choi_seung_hyun_tttop,TOP,,14.6M,Indonesia,208.3K,246.4K,
697,porsche,Porsche,Cars & Motorbikes,26.8M,United States,104.3K,133.3K,
698,asabopp,Asa Butterfield,Cinema & Actors/actresses,5.7M,Brazil,433.9K,634.5K,
699,bumkeyk,SHINee KEY,Music,9.4M,Indonesia,323K,387K,
700,irinashayk,irina shayk,Modeling,19.7M,Russia,130.5K,180.7K,
701,irinashayk,irina shayk,Modeling,19.7M,Russia,130.5K,180.7K,
702,amitabhbachchan,Amitabh Bachchan,Cinema & Actors/actresses,31.2M,India,98.9K,114.4K,
703,angeliqueboyer,Angelique Boyer,Shows,14.3M,Brazil,198.4K,249.1K,Cinema & Actors/actresses
704,onwardwanna,"Javon ""Wanna"" Walton",Lifestyle,6M,United States,358.3K,597.9K,Cinema & Actors/actresses
705,bigsean,BIGSEAN,Music,15.4M,United States,126K,229.8K,Art/Artists
706,willevy,William  Levy / Actor Producer,Shows,10.9M,Brazil,243.7K,328.2K,Cinema & Actors/actresses
707,jamorant,12 ğŸ¥·ğŸ½ğŸ–¤,Winter sports,7.7M,United States,286.6K,463.1K,Sports with a ball
708,_schwim_,David Schwimmer,Cinema & Actors/actresses,6.8M,India,352.3K,527.3K,
709,filiperet,RetchÃª,Lifestyle,7.8M,Brazil,181K,463.5K,Photography
710,subo_m,Subhan Mamedov,Shows,10.4M,Russia,278.3K,340.1K,
711,brfootball,Bleacher Report Football,Sports with a ball,12.6M,United States,172.1K,278.1K,
712,narins_beauty,â€¢â€¢Narins Beautyâ€¢â€¢,Lifestyle,9.3M,Syria,318.9K,391.9K,
713,nikefootball,Nike Football (Soccer),Sports with a ball,45.4M,Brazil,50.2K,77.5K,Clothing & Outfits
714,eduincaz,Eduin Caz,Lifestyle,7.4M,Mexico,373.3K,477.4K,
715,maneskinofficial,MaÌŠneskin,Modeling,6.3M,Italy,398.2K,562K,Music
716,ayushmannk,Ayushmann Khurrana,Cinema & Actors/actresses,16.7M,India,172.4K,208.1K,
717,perspolis,Persepolis,Sports with a ball,8.3M,Iran,300.8K,428.2K,
718,hichasestokes,,Humor & Fun & Happiness,7.3M,United States,318.3K,476.9K,Lifestyle
719,darshanravaldz,Darshan Raval #DholBajaa,Music,15.4M,India,188K,226.8K,
720,paulwalker,Paul Walker,Cinema & Actors/actresses,15.2M,India,165.9K,227.3K,
721,aleoliveiracm,AleÌ‚ Oliveira,Humor & Fun & Happiness,8.5M,Brazil,169.5K,433.6K,
722,realhinakhan,HK,Cinema & Actors/actresses,17.4M,India,161.8K,199.1K,
723,karljacobs,Karl Jacobs,,4.3M,United States,622K,810K,
724,jxxvvxxk,á„‹á…µá„Œá…¢á„‹á…®á†¨,,4M,Indonesia,703.6K,884.6K,
725,pooorblack,Pooorblack,,5M,Iran,548.9K,710.4K,
726,staceysolomon,Stacey Solomon,Family,5.4M,United Kingdom,536.7K,646.4K,
727,amadorat,N I C O L E   A M A D O ğŸ‰,Fashion,8.3M,Mexico,372.1K,415.8K,Lifestyle
728,21savage,,Music,13.6M,United States,143K,251.3K,
729,adrianalima,Adriana Lima,Modeling,15M,United States,155.3K,228.4K,Fashion
730,yuvisofficial,Yuvraj Singh,Sports with a ball,15.1M,India,189K,225.4K,
731,dew_jsu,2000,Beauty,6.4M,Indonesia,399.9K,537.8K,Lifestyle
732,jaspritb1,jasprit bumrah,Lifestyle,9.9M,India,302.2K,347.3K,Sports with a ball
733,wos.ds3,ValentiÌn Oliva,Music,6.6M,Argentina,342.7K,524.3K,
734,ansufati,Ansu Fati,Sports with a ball,9.1M,Spain,250.2K,379.4K,Winter sports
735,troyesivan,troye sivan,Art/Artists,13.5M,United States,175K,251.3K,Fashion
736,haifawehbe,Haifa Wehbe,Music,10.7M,Iraq,217.9K,318.7K,
737,burcuozberk,Burcu Ã–zberk,Cinema & Actors/actresses,9.3M,Turkey,286.1K,370.5K,
738,danielricciardo,Daniel Ricciardo,Racing Sports,7.4M,United States,355K,461K,
739,alishalehmann7,Alisha Lehmann,Sports with a ball,8.2M,Brazil,220.2K,415.7K,
740,vivi,Vivi Wanderley,Beauty,13.9M,Brazil,147.1K,242K,Lifestyle
741,realcoleworld,Cole World,Music,7.8M,United States,231.5K,439.9K,Art/Artists
742,nicholasgalitzine,Nicholas Galitzine,Cinema & Actors/actresses,4.3M,Brazil,480K,795K,
743,wanda_nara,Wanda nara,Lifestyle,14.7M,Argentina,161.4K,228.5K,
744,umutisler,Umut Ä°ÅŸler,Food & Cooking,11M,India,188K,302.2K,
745,diljitdosanjh,DILJIT DOSANJH,Cinema & Actors/actresses,14M,India,197.7K,238.2K,
746,mchariel,MC Hariel,Music,9.3M,Brazil,182.4K,363.5K,
747,valentinazenere,Valentina Zenere,Modeling,10.2M,Brazil,269K,327.6K,Lifestyle
748,imcryansp,TUBARAO GIGANTE ğŸ¦ˆ,Lifestyle,5M,Brazil,285.6K,679.8K,
749,richarlison,Richarlison,Sports with a ball,6.2M,Brazil,286.8K,539.1K,Lifestyle
750,yefersoncossio,Yef,Lifestyle,9.8M,Colombia,234.5K,342K,
751,dk_is_dokyeom,ë„ê²¸,Lifestyle,3.6M,Iran,770.1K,927.4K,Music
752,pefabiodemelo,FÃ¡bio de Melo,Lifestyle,25.8M,Brazil,85.7K,129.3K,
753,rishabpant,Rishabh Pant,Lifestyle,7M,India,404.1K,480.2K,Sports with a ball
754,litkillah,MAWZğŸ’¬,Music,8.1M,Argentina,311.1K,409.9K,
755,emmaroberts,Emma Roberts,Cinema & Actors/actresses,18.4M,United States,121K,178.7K,
756,kittychicha,ğŸ–¤KITTY CHICHAğŸ±,Music,4.3M,Philippines,637.6K,773.1K,
757,madonna,Madonna,Music,18.5M,Italy,120.7K,180.1K,
758,adamsandler,Adam Sandler,Cinema & Actors/actresses,13.6M,United States,189K,240.7K,
759,miketyson,Mike Tyson,Fitness & Gym,19.4M,United States,131.2K,168.9K,
760,sandrinna_11,Drinna ğŸ–¤,Lifestyle,10.7M,Indonesia,237.3K,302.7K,
761,spacex,SpaceX,Science,16.1M,United States,166.5K,202.5K,Machinery & Technologies
762,davidluiz23,David Luiz,Sports with a ball,22.4M,Brazil,66.2K,145.6K,
763,ivan_buhaje,spreen,,3.1M,Argentina,843.6K,1M,
764,jackblack,Jack Black,Cinema & Actors/actresses,8.9M,United States,282K,368.2K,
765,yasminabdelaziz_,Yasmin Abdelaziz,Cinema & Actors/actresses,16.2M,Egypt,170K,201K,
766,tohi,ğ“ğğ‡ğˆ,Lifestyle,12.2M,Iran,190.6K,282K,Music
767,schwarzenegger,Arnold Schwarzenegger,Cinema & Actors/actresses,22.6M,United States,121.8K,143.1K,Fitness & Gym
768,ms_puiyi,Siew Pui Yi ğŸ¤,Adult content,19.6M,United States,128.5K,164.6K,
769,moneybaggyo,Certified SpeakerğŸ’œ,Lifestyle,8.4M,United States,163K,389.2K,NFT
770,deolaneb_,DEOLANE BEZERRA âš–ï¸,,6.3M,Brazil,206.1K,512.5K,
771,madisonbaileybabe,Maddie Baby,Lifestyle,6.6M,United States,259.5K,485.9K,Cinema & Actors/actresses
772,neeraj____chopra,Neeraj Chopra,Shows,6.2M,India,389.2K,510.1K,Winter sports
773,mrunalthakur,Mrunal Thakur,Beauty,6.4M,India,352.6K,491.3K,Cinema & Actors/actresses
774,lacikaysomers,Laci Kay Somers,Music,12.2M,United States,152.3K,260.4K,Modeling
775,jaybnow.hr,LIM JAE BEOM,Music,6.9M,United States,347.9K,456.6K,
776,yamigautam,Yami Gautam Dhar,Cinema & Actors/actresses,16.5M,India,162.1K,188.1K,
777,gioewbank,Giovanna Ewbank,Cinema & Actors/actresses,29.4M,Brazil,66.2K,105.7K,Modeling
778,avani,avani,Beauty,18.7M,United States,123K,165.3K,Lifestyle
779,roddyricch,,Music,7M,United States,234.8K,450.7K,
780,mauroicardi,ğ•„ğ”¸ğ•Œâ„ğ•† ğ•€â„‚ğ”¸â„ğ”»ğ•€,Sports with a ball,8.2M,Italy,236.8K,379.3K,
781,jenniferwinget1,Jennifer Winget,Cinema & Actors/actresses,13.6M,India,187.8K,228.4K,
782,sarahhyland,Sarah Hyland,Cinema & Actors/actresses,10M,United States,250.7K,313.4K,Lifestyle
783,wayvofficial,WayV,Music,7.5M,Indonesia,351.8K,418.9K,
784,meekmill,Meek Mill,Music,22.7M,United States,71.5K,137.6K,
785,nodal,Christian Nodal ğŸ‡²ğŸ‡½ ğŸŒµğŸ’š,Music,9.4M,Mexico,229.1K,336.8K,
786,indiaroyale,India Royale,,4.6M,United States,233.3K,691.7K,
787,chrissyteigen,chrissy teigen,Shows,39.3M,United States,59.8K,78K,Modeling
788,kyrieirving,HÃ©lÃ ,Sports with a ball,17.3M,United States,117.2K,177K,
789,ahmedabohashima,Ahmed Abouhashima,Business & Careers,17.3M,Egypt,130.3K,175.9K,Finance & Economics
790,l7nnon,L7,Lifestyle,8.9M,Brazil,146.4K,347.6K,Art/Artists
791,fadiljaidi,Fadil Jaidi,Lifestyle,8M,Indonesia,257.8K,387.3K,
792,jessicajane99,Jessica Jane,Shows,5.9M,Indonesia,392.8K,517.8K,Modeling
793,giannis_an34,Giannis Ugo Antetokounmpo,Sports with a ball,13.5M,United States,142.5K,225.5K,
794,egorkreed,Ğ•Ğ³Ğ¾Ñ€ ĞšÑ€Ğ¸Ğ´ | #HeartBreakKid,Music,14.7M,Russia,168.6K,206.7K,
795,joerogan,Joe Rogan,Humor & Fun & Happiness,15.7M,United States,139.8K,195K,Cinema & Actors/actresses
796,nancyajram,Nancy Ajram,Music,33.2M,Iraq,72K,92.1K,
797,woozi_universefactory,WOOZI,,4.1M,Indonesia,635.8K,756.5K,
798,enriqueiglesias,Enrique Iglesias,Music,17.1M,India,125.9K,177.8K,Art/Artists
799,cocielo,JuÌlio Cocielo Estaniecki,Cinema & Actors/actresses,19.3M,Brazil,99.4K,155.6K,
800,junhui_moon,JUN æ–‡ä¿Šè¾‰,Lifestyle,3M,Indonesia,836.8K,1M,Music
801,vernonline,Vernon ë²„ë…¼,,4.7M,Japan,490.2K,648.6K,
802,miamalkova,Mia Malkova,Cinema & Actors/actresses,11.1M,India,200.1K,271.2K,
803,rafakalimann,Rafa Kalimann,Modeling,23.1M,Brazil,75.1K,134.9K,
804,yailinlamasviralreal,Yailin la Mas Viral â™‹ï¸ğŸ§¿,Lifestyle,5.7M,United States,382.1K,547.7K,
805,warriors,Golden State Warriors,Lifestyle,25.6M,United States,83.9K,116.3K,Sports with a ball
806,supercarblondie,Alex - that girl with the Cars,Cars & Motorbikes,10.9M,India,173.4K,274.8K,
807,hm_son7,Son HeungMin(ì†í¥ë¯¼)ğŸ‡°ğŸ‡·,Sports with a ball,7.7M,Brazil,241.9K,393.5K,
808,tarkan,Tarkan,Music,6M,Turkey,449.7K,509.4K,
809,thiagosilva,Thiago Silva,Sports with a ball,19.8M,Brazil,88.6K,149.2K,
810,dhanushkraja,Dhanush,Cinema & Actors/actresses,5M,India,465.6K,602.5K,
811,chaelincl,CL,Art/Artists,10.3M,Brazil,215K,284.4K,Fashion
812,willyrex,Willyrex,Shows,8.8M,Spain,285.7K,338.7K,
813,harshasai_,Harsha sai,Shows,3.2M,India,820.9K,935.2K,
814,anastasiya_kvitko,AK,Lifestyle,12.4M,United States,192.8K,235.9K,Modeling
815,marimaria,Mari Maria,Beauty,20.2M,Brazil,74.9K,144.1K,
816,yg_treasure_official,TREASURE (íŠ¸ë ˆì €),Music,5.7M,Indonesia,409.2K,523K,
817,jaydacheaves,JAYDA,Clothing & Outfits,7.7M,United States,129.2K,383.1K,
818,trueno,TR1 â›ˆ,Music,6.9M,Argentina,275.5K,428.8K,
819,courteneycoxofficial,Courteney Cox,Cinema & Actors/actresses,12.2M,India,180K,237.9K,
820,jennifer.garner,Jennifer Garner,Cinema & Actors/actresses,13.6M,United States,187.7K,213.1K,
821,sophiedee,Sophie Dee,Adult content,12.4M,United States,176.3K,234.9K,
822,kaliuchis,,Music,4M,United States,419K,723.4K,
823,violets.tv,Violet Summers,Adult content,13.8M,Italy,153.9K,211.1K,
824,juliopfernandez,J U L I O   P E Ã‘ A   F. D E Z,Art/Artists,3.4M,Brazil,667.7K,848.6K,
825,lilpump,Lil Pump,Music,14.9M,United States,121.9K,190.8K,
826,lizzobeeating,Lizzo,Music,13M,United States,157.2K,220.2K,Lifestyle
827,jordynwoods,HEIR JORDYN,Modeling,12.6M,United States,118.4K,224.3K,Lifestyle
828,armaanmalik,ARMAAN MALIK ğŸ§¿,Music,13.2M,India,186.6K,216.1K,
829,shaq,DR. SHAQUILLE O'NEAL Ed.D.,Humor & Fun & Happiness,26.9M,United States,80.7K,105.9K,Sports with a ball
830,tarajiphenson,taraji p henson,Music,19.8M,United States,103.3K,144.6K,Cinema & Actors/actresses
831,shxxbi131,B.I,Lifestyle,4.1M,Indonesia,605.1K,708.7K,
832,espn,ESPN,Sports with a ball,23.8M,United States,65.6K,119.3K,
833,riteishd,Riteish Deshmukh,Art/Artists,15.5M,India,155.9K,182.1K,Cinema & Actors/actresses
834,theroyalfamily,The Royal Family,Family,13M,Italy,176.4K,217.6K,Shows
835,klarafgcastanho,KlÃ¥ra CÃ¥stanho,Cinema & Actors/actresses,7.4M,Brazil,200.1K,388.1K,
836,mohamedramadanws,Mohamed Ramadan,Music,20.5M,Egypt,100.8K,139.2K,
837,valeyellow46,Valentino Rossi,Racing Sports,14.1M,Indonesia,152.3K,198.9K,
838,sthefanematos,STHE âš“ï¸,Lifestyle,10M,Brazil,124.7K,289.5K,
839,kashikakapoor09,Kashika Kapoor,Beauty,9.9M,Indonesia,266.7K,285.3K,Lifestyle
840,lance210,Lance Stewart,Cinema & Actors/actresses,6.6M,United States,259.8K,431.1K,Humor & Fun & Happiness
841,chieffkeeffsossa,Chief Keef,Music,7.8M,United States,197.1K,364.6K,
842,alexis_officia1,Sanchez Alexis,Sports with a ball,14.6M,Chile,117.3K,193.6K,
843,anyageraldine,anya geraldine,Music,11.2M,Indonesia,147.8K,247.3K,
844,flay,FLAY ğŸ™,Lifestyle,7.7M,Brazil,177K,369.5K,Music
845,sofia9__official,SOFIA ANSARI,Lifestyle,9.1M,India,225.5K,314K,Cinema & Actors/actresses
846,jenna_chew,JENNA å‘¨ç”„å¨œ,Fitness & Gym,8.2M,United States,279.8K,341.8K,
847,arishfakhan138,Sayyed Arishfa Khan ğŸ’,Cinema & Actors/actresses,29.5M,India,77.5K,94K,
848,mohanshakti,Shakti Mohan,Art/Artists,16.5M,India,138.3K,166.1K,Cinema & Actors/actresses
849,jimmyfallon,Jimmy Fallon,Shows,23.1M,United States,94.9K,118.8K,Humor & Fun & Happiness
850,iampauloandre,Paulo AndreÌ ğŸ,Photography,9.9M,Brazil,102.6K,290.5K,Lifestyle
851,ewsbdi,ë¡œìš´,,4.7M,Indonesia,395.9K,591.8K,
852,borodylia,ĞšÑĞµĞ½Ğ¸Ñ Ğ‘Ğ¾Ñ€Ğ¾Ğ´Ğ¸Ğ½Ğ°,Shows,19.2M,Russia,115K,141.8K,Family
853,natalee.007,Natalie Lee,Modeling,7M,United States,310.8K,397.2K,Music
854,mterstegen1,Marc ter Stegen,Sports with a ball,13.6M,Spain,132.4K,199.5K,
855,albafloresoficial,Alba Flores,Cinema & Actors/actresses,11.5M,Spain,175.3K,236.2K,
856,snejanaonopka15,Snejana Onopka,Modeling,9.6M,Brazil,221.4K,295.5K,
857,saythename_17,SEVENTEEN,Music,10.2M,Indonesia,234.3K,262.9K,
858,anas,Anas,Family,5.8M,Iraq,367.1K,476.8K,Shows
859,ab,Antonio Brown,Sports with a ball,11.3M,United States,118K,241.1K,
860,wdohwan,ìš°ë„í™˜,Cinema & Actors/actresses,4.5M,Indonesia,459.3K,608.8K,
861,actor_jg,ë°°ìš° ì´ì¤€ê¸° ææº–åŸº,Cinema & Actors/actresses,6.5M,Indonesia,363.1K,426.7K,
862,ashleybenson,Ashley Benson,Modeling,23.3M,Brazil,81.2K,115.4K,
863,letthelordbewithyou,Scott Disick,Lifestyle,27.5M,United States,64.6K,97.6K,Family
864,iiqraaziz,IQRA AZIZ HUSSAINğŸ‡µğŸ‡°,Beauty,9M,India,266.5K,303.8K,Modeling
865,icc,ICC,Sports with a ball,24.3M,India,91.7K,109.7K,
866,nimratkhairaofficial,NIMRAT KHAIRA,Music,8.1M,India,271.2K,336.5K,
867,snoopdogg,snoopdogg,Lifestyle,76.4M,United States,24.9K,35.5K,Music
868,zo,Lonzo Ball,Sports with a ball,14.7M,United States,101.1K,182.1K,
869,cnn,CNN,Shows,18.1M,United States,107.7K,148.8K,Literature & Journalism
870,realshadmehr,Shadmehr Aghili,Music,8.2M,Iran,242.7K,338.6K,
871,arcticmonkeys,Arctic Monkeys,Music,4.1M,United States,465K,653.9K,
872,priyankaamohanofficial,Priyanka Mohan,Photography,3.5M,India,660K,757.3K,Lifestyle
873,dacremontgomery,Dacre Montgomery,Cinema & Actors/actresses,8.9M,United States,224.4K,299.9K,
874,iamyanetgarcia,Yanet Garcia ğŸ‡²ğŸ‡½,Cinema & Actors/actresses,14.9M,Mexico,139.6K,178.2K,Modeling
875,streetartglobe,StreetArtGlobe â„¢ ğŸ˜±,Art/Artists,16.6M,United States,117.7K,159.9K,
876,maddieziegler,maddie,Cinema & Actors/actresses,13.8M,United States,126.5K,189.8K,Modeling
877,_abu_saalim_,ABU SAALIM,Photography,3M,India,372.6K,881.4K,Cinema & Actors/actresses
878,hannahelzahed,Hannah El-Zahed,Cinema & Actors/actresses,18.2M,Egypt,117.2K,145K,
879,djokernole,Novak Djokovic,Sports with a ball,11.4M,Serbia,187.7K,230.9K,
880,weareone.exo,EXO Official,Music,10M,Indonesia,212K,265.8K,
881,paollaoliveirareal,Paolla Oliveira,Cinema & Actors/actresses,34.9M,Brazil,56.7K,75.1K,Lifestyle
882,trentarnold66,Trent Alexander-Arnold,Lifestyle,7.8M,United Kingdom,230.4K,337.5K,Sports with a ball
883,i_nivethathomas,Nivetha Thomas,Cinema & Actors/actresses,6.2M,India,379.5K,429.2K,
884,jeromepolin,Jerome Polin Sijabat ã‚·ã‚™ã‚§ãƒ­ãƒ¼ãƒ ,Education,7M,Indonesia,257.7K,378.2K,Humor & Fun & Happiness
885,sinavaliollah,Sina Valiollah,Shows,7.5M,Iran,282.9K,356.8K,
886,dilettaleotta,ğŸŒ¸Diletta LeottağŸŒ¸,Shows,8.6M,Italy,206.2K,307.5K,
887,marcoasensio10,Marco Asensio,Sports with a ball,14.6M,Spain,115.9K,177.7K,
888,nidhhiagerwal,Nidhhi Agerwal ğŸŒŸ,Gaming,25.7M,India,84.3K,101K,Cinema & Actors/actresses
889,ms.sethii,Shilpa Sethi,Modeling,6.6M,United States,267.8K,405.1K,
890,michelle_lewin,Michelle Lewin,Fitness & Gym,15.1M,United States,122.6K,173.1K,
891,galatasaray,Galatasaray,Sports with a ball,11.7M,Turkey,183K,221.4K,
892,maxverstappen1,Max Verstappen,Racing Sports,9.3M,United States,214.4K,281.9K,
893,anggayunandareal16,Ucup - The Hacker,Modeling,10.5M,Indonesia,169.1K,244.7K,
894,guaynaa,Guaynaa ğŸ§¿,Music,6.2M,Mexico,269K,414.8K,
895,burnaboygram,Burna Boy,Art/Artists,11.5M,Nigeria,121.6K,223.4K,Music
896,sergiroberto,Sergi Roberto,Sports with a ball,7.6M,Spain,215.6K,339.7K,
897,rakulpreet,Rakul Singh,Cinema & Actors/actresses,22.4M,India,96.2K,113.1K,Modeling
898,lalioficial,LALIâ¤ï¸â€ğŸ”¥,Music,11.1M,Argentina,160.6K,229.5K,
899,aslisona,Sonakshi Sinha,Cinema & Actors/actresses,23.3M,India,90.2K,109.1K,Lifestyle
900,dear.zia,ğ‘“ğ‘Ÿğ‘’ğ‘’ğ‘§ğ‘–ğ‘ .ğŸŒ¼,,3.7M,South Korea,612.5K,688.4K,
901,dominicfike,,Music,3.4M,United States,391K,743.6K,
902,tamannaahspeaks,Tamannaah Bhatia,Music,17.8M,India,121.3K,141.6K,Cinema & Actors/actresses
903,kikakim,Kristina Kim,Lifestyle,7.1M,Kazakhstan,273.6K,362.1K,Music
904,rubyrose,Ruby Rose,Modeling,20.3M,United States,93.9K,124K,
905,thegirljt,JTğŸ˜¸,Music,5.8M,United States,161K,441.1K,
906,huddy,Chase Hudson,Lifestyle,11.5M,United States,157.5K,217.2K,Art/Artists
907,prideofgypsies,Jason Momoa,Cinema & Actors/actresses,17.2M,United States,114.2K,146.8K,
908,jscmila,Jessica Mila Agnesia,Beauty,22.3M,Indonesia,84.1K,111.6K,Modeling
909,normani,Normani,Music,7.3M,United States,223.2K,349K,
910,t22felton,Tom Felton,Music,11.9M,United States,162.6K,210.6K,Cinema & Actors/actresses
911,rey_mbayang,REY MBAYANG,Music,5.1M,Indonesia,303.2K,493K,
912,kh1000le,CHENLE ZHONG,Music,1.9M,,0,1.3M,
913,qk20,Ø¹Ø¨Ø¯Ø§Ù„ÙƒØ±ÙŠÙ… Ø§Ù„Ù‡Ù†Ø¯Ø§Ù„ Ø§Ù„Ù‡Ø§Ø´Ù…ÙŠ - Ù…Ø¬Ù„Ø© ÙˆØ¶Ø­Ø©,Family,11.1M,India,212.3K,223.8K,Business & Careers
914,aoc,Alexandria Ocasio-Cortez,Finance & Economics,8.7M,United States,235.4K,294.4K,
915,mirandacosgrove,Miranda Cosgrove,Music,9.8M,Brazil,164.4K,256.9K,Cinema & Actors/actresses
916,debbyryan,Debby Ryan,Music,16.6M,United States,102.8K,149.6K,Cinema & Actors/actresses
917,thiago6,Thiago Alcantara,Sports with a ball,9.9M,United Kingdom,147.8K,253.5K,
918,theamitbhadana,Amit Bhadana ( à¤…à¤®à¤¿à¤¤ à¤­à¤¡à¤¼à¤¾à¤¨à¤¾ ),Shows,8.5M,India,241.3K,296.5K,
919,jacksepticeye,Jacksepticeye,Computers & Gadgets,7.9M,United States,274.2K,318.2K,Machinery & Technologies
920,dagelan,Dagelan,Humor & Fun & Happiness,21.1M,Indonesia,70K,118.1K,
921,alvaromorata,AÌlvaro Morata,Sports with a ball,18M,Italy,88.5K,136.9K,Literature & Journalism
922,laurenjauregui,Lauren Jauregui,Music,10.8M,United States,155.5K,229.7K,
923,rondarousey,Ronda Rousey,Cinema & Actors/actresses,15.9M,United States,115.6K,154.9K,
924,bypamella,BY PAMELLA âœ¨ğŸ§¿,Shows,9.9M,Brazil,147.9K,253.5K,
925,riyadmahrez26.7,RM26,Sports with a ball,9.2M,Algeria,210.1K,270.6K,
926,bowerjamie,á´Šá´€á´Éªá´‡ á´„á´€á´á´˜Ê™á´‡ÊŸÊŸ Ê™á´á´¡á´‡Ê€,Cinema & Actors/actresses,5.5M,Italy,337.9K,450.4K,
927,dearra,De'arra Taylor,,6.3M,United States,159.5K,397.4K,
928,hustlemantherapper,Hustleman ğŸ’«,Lifestyle,10.1M,United States,219K,241.4K,
929,yuzi_chahal23,Yuzvendra Chahal,Lifestyle,8.2M,India,247.9K,301.9K,Sports with a ball
930,fifaworldcup,FIFA World Cup,Sports with a ball,29.1M,India,55.7K,84.1K,
931,rjkarishma,RJ Karishma,Humor & Fun & Happiness,3.7M,India,529.9K,676.5K,Cinema & Actors/actresses
932,ricky_martin,Ricky Martin,Music,17.3M,Argentina,105.5K,141.6K,
933,nabilla,Nabilla Vergara âœ¨,Beauty,8M,France,223.9K,308.1K,
934,isaias,IsaiÌas,Lifestyle,9M,Brazil,155.6K,272.6K,
935,karolsevillaofc,KAROL SEVILLA,Cinema & Actors/actresses,15.1M,Brazil,127.1K,160.7K,
936,gucci,,Accessories & Jewellery,49M,United States,37.2K,49.3K,Clothing & Outfits
937,sabinahidalgo,Sabina Hidalgo,Lifestyle,4.8M,Brazil,432.9K,519.3K,Music
938,_chaechae_1,ê¹€ì±„ì› (CHAEWON),Lifestyle,2.9M,South Korea,699.3K,841K,
939,hyeri_0609,á„’á…¨á„…á…µ,Music,7.3M,South Korea,277.7K,334.5K,
940,nadin_serovski,Nadin Serovski,Family,9.4M,Russia,189.3K,259.3K,Lifestyle
941,lynaritaa,Lyna Perez,Lifestyle,9.1M,United States,205.5K,271.3K,
942,maudeapatow,Maude Apatow,Lifestyle,4.8M,United States,304.7K,504.3K,Cinema & Actors/actresses
943,gongyoo_official,ê³µìœ  gongyoo official,Lifestyle,3.6M,Indonesia,537.9K,675.7K,
944,christian_fig,Christian Figueiredo,Cinema & Actors/actresses,10.8M,Brazil,142.4K,221.8K,Lifestyle
945,arashi_5_official,ARASHI,,4.4M,Japan,542.5K,565.2K,
946,soyturkrabia,Rabia,,2.8M,Turkey,615.4K,864.3K,
947,disney,Disney,Shows,34.4M,United States,57.5K,69.3K,
948,333cyj333,Ars ğŸ—,Music,6.7M,Thailand,304.2K,362.4K,
949,soycintiacossio,Cintia Cossio,Modeling,5.8M,Colombia,337.4K,421.1K,Adult content
950,anthonyjoshua,,Fitness & Gym,14.4M,United Kingdom,123K,167.3K,
951,reynmen,reyn,Music,7.1M,Turkey,266.6K,339.6K,Cinema & Actors/actresses
952,ykaaar,Damiano David/MaÌŠneskin,Art/Artists,5.2M,Italy,336.7K,462K,Cinema & Actors/actresses
953,jessica.syj,Jessica Jung,Modeling,10.9M,Indonesia,178.4K,218.9K,Beauty
954,landonorris,Lando Norris,Racing Sports,5.8M,Italy,328.3K,413.7K,Cars & Motorbikes
955,ashleygraham,A S H L E Y  G R A H A M,Modeling,19.1M,United States,93.2K,123.2K,
956,ler_chek,Ğ’Ğ°Ğ»ĞµÑ€Ğ¸Ñ Ğ§ĞµĞºĞ°Ğ»Ğ¸Ğ½Ğ°,Lifestyle,10.5M,Russia,174.6K,225.1K,Beauty
957,bmw,BMW,Cars & Motorbikes,33.8M,Iran,53.2K,69.5K,
958,joesthetics,Jo Lindner,Fitness & Gym,7.8M,India,200.9K,306K,
959,maitreyiramakrishnan,Maitreyi Ramakrishnan,Photography,3.9M,Brazil,413.2K,604.3K,Cinema & Actors/actresses
960,ateez_official_,ATEEZ(ì—ì´í‹°ì¦ˆ),,7M,United States,294.4K,337.7K,
961,myriamfares,Myriam Fares,Music,20.9M,Iraq,82.1K,111.1K,
962,saaihalilintar,SAAIH HALILINTAR,Business & Careers,5M,Indonesia,377.5K,468.4K,Shows
963,salshabillaadr,Salshabilla adriani,Music,14.4M,Indonesia,100.2K,160.2K,Cinema & Actors/actresses
964,cemrebaysel,Cemre,Lifestyle,3.6M,Turkey,489.4K,658.3K,
965,hasnaink07,Hasnain khan,Gaming,13.1M,India,143.3K,179.3K,
966,arsenal,Arsenal,Sports with a ball,22.9M,United Kingdom,66.8K,100.8K,
967,piawurtzbach,Pia Wurtzbach,Beauty,13.9M,Philippines,137.1K,165.3K,Modeling
968,tamaaev,Ğ¢Ğ°Ğ¼Ğ°ĞµĞ² ĞÑÑ…Ğ°Ğ±,Fitness & Gym,5.1M,Russia,324.8K,457.6K,
969,eunbining0904,ë°•ì€ë¹ˆ,Music,2.9M,South Korea,690.1K,814.7K,
970,tarasutaria,TARAğŸ’«,Cinema & Actors/actresses,8.2M,India,226.9K,285.8K,
971,viking.barbie,Viking Barbieâš”,Adult content,11.5M,United States,131.5K,200.9K,
972,brycehall,Bryce Hall,Music,7.2M,United States,252.3K,324K,
973,illusomina,Shinmina,Cinema & Actors/actresses,4.5M,Indonesia,412.7K,514.8K,
974,sahilkhan,Indiaâ€™s Youth & Fitness ICâ­•ï¸NÂ®,Fitness & Gym,10.9M,India,154.8K,210K,
975,julienco_,! Julian,Lifestyle,6.4M,Germany,294.6K,362.9K,Family
976,____kimwoobin,á„€á…µá†·á„‹á…®á„‡á…µá†«,Lifestyle,3.9M,Indonesia,452.8K,597.3K,
977,aidanrgallagher,Aidan R Gallagher,Music,7.7M,Mexico,250.4K,301.3K,
978,mccabelinho,LITTLE HAIR,Lifestyle,5.4M,Brazil,218.9K,431.9K,Music
979,stebinben,Stebin Ben,Music,11.9M,India,155K,190.2K,Lifestyle
980,optimushwang,í™©ë¯¼í˜„,Lifestyle,4.4M,South Korea,444K,529.2K,
981,divyankatripathidahiya,Divyanka Tripathi Dahiya,Shows,21.1M,India,93.3K,107.8K,Cinema & Actors/actresses
982,aycaaysinturan,AycÌ§a AysÌ§in Turan,Cinema & Actors/actresses,6M,Turkey,289.8K,387.6K,
983,officialslystallone,Sly Stallone,Art/Artists,15.2M,United States,118.1K,149.1K,Cinema & Actors/actresses
984,haifa_hassony,Ù‡ÙŠÙØ§Ø¡ Ø­Ø³ÙˆÙ†ÙŠ Haifa Hassony,Modeling,15.1M,Iraq,112.7K,150.4K,Fitness & Gym
985,feid,FERXXO,Music,5M,Colombia,220.8K,457.2K,
986,03_hu,á„‡á…¡á†¨á„Œá…µá„’á…®,Lifestyle,4.2M,South Korea,441.6K,541.6K,
987,nameisnani,Nani,Humor & Fun & Happiness,5.3M,India,396.4K,427.9K,Cinema & Actors/actresses
988,_hakkencoser_,Hakken å…«çŠ¬,Gaming,3.7M,United States,500.2K,611.3K,Photography
989,kyliecosmetics,Kylie Cosmetics,Beauty,26M,United States,59.8K,86.1K,Shopping & Retail
990,kawtarbamo,KAWTAR BA-MOHAMED ÙƒÙˆØ«Ø± Ø¨Ø§Ù…Ùˆ,Cinema & Actors/actresses,7.6M,Morocco,220.6K,298.9K,
991,jimena.jimenezr,Jimena,,5.9M,Mexico,265.6K,383.4K,
992,hank_says_hank,Hank í–‰í¬,,3.3M,South Korea,576.7K,676.8K,
993,taylor_hill,Taylor Hill,Art/Artists,20.8M,United States,71.6K,106.9K,Fashion
994,epa_colombia,EPA COLOMBIA,,5.1M,Colombia,322.2K,443.2K,
995,beberexha,Bebe Rexha,Music,10.7M,India,139.5K,206.3K,Lifestyle
996,thenewclassic,Iggy Azalea,Music,16.7M,United States,82.1K,132.8K,
997,min.nicha,MINNIE,Lifestyle,4.2M,Thailand,385.5K,526.6K,Music
998,francety,Francia James,Adult content,11.4M,India,149.9K,196.6K,
999,silambarasantrofficial,Silambarasan TR,Shows,10.2M,India,169.6K,216.6K,Lifestyle
1000,lalala_lfamily,Lfamily,Music,2.5M,Thailand,752.9K,900.4K,